date,revenue,cogs,forecasted_revenue,product_id,region_id
2024-05-21,22817.85,10944.2,22565.64,1,1
2024-05-21,22675.3,10495.47,21315.22,1,2
2024-05-21,24734.35,15515.52,21746.72,1,3
2024-05-21,18499.2,10331.08,21064.89,1,4
2024-05-21,6242.22,3229.73,5411.8,2,1
2024-05-21,11565.22,5214.61,11930.77,2,2
2024-05-21,17166.34,9194.74,16081.67,2,3
2024-05-21,7675.09,4971.54,7469.78,2,4
2024-05-21,19076.95,10504.68,19053.24,3,1
2024-05-21,6325.38,3625.56,6528.77,3,2
2024-05-21,9531.28,5109.01,8787.77,3,3
2024-05-21,6520.81,3689.53,6476.99,3,4
2024-05-21,13834.26,8433.08,13100.62,4,1
2024-05-21,3962.14,2474.27,3721.84,4,2
2024-05-21,5121.84,3257.07,4379.85,4,3
2024-05-21,13108.71,8125.62,11887.92,4,4
2024-05-21,25852.06,14490.19,29375.78,5,1
2024-05-21,21105.13,12137.5,22203.69,5,2
2024-05-21,9295.58,4679.29,9068.05,5,3
2024-05-21,12382.57,6846.77,11429.8,5,4
2024-05-22,19986.48,9839.17,22476.75,1,1
2024-05-22,6869.57,3563.84,6434.73,1,2
2024-05-22,16340.91,9032.67,16337.93,1,3
2024-05-22,9523.56,4609.46,8321.28,1,4
2024-05-22,12781.95,8005.75,11906.59,2,1
2024-05-22,12511.91,6089.86,11242.92,2,2
2024-05-22,14577.9,7702.43,15076.09,2,3
2024-05-22,7455.38,3859.52,6471.35,2,4
2024-05-22,9712.77,5055.22,9404.41,3,1
2024-05-22,24022.39,12258.05,20534.39,3,2
2024-05-22,17473.46,8799.14,19209.74,3,3
2024-05-22,9921.78,5155.31,10737.97,3,4
2024-05-22,13870.03,6418.92,15059.36,4,1
2024-05-22,15788.27,10158.53,17934.89,4,2
2024-05-22,11885.07,7511.78,12827.15,4,3
2024-05-22,13811.04,7300.61,14052.99,4,4
2024-05-22,9303.78,4761.99,10414.25,5,1
2024-05-22,22522.46,12188.92,23215.9,5,2
2024-05-22,14677.58,6773.4,16721.85,5,3
2024-05-22,6467.62,3493.58,7424.98,5,4
2024-05-23,23761.2,15398.86,24831.9,1,1
2024-05-23,22180.17,13060.5,22933.7,1,2
2024-05-23,17634.39,10578.72,17126.84,1,3
2024-05-23,21853.49,12180.24,20525.04,1,4
2024-05-23,5684.66,2886.98,5018.52,2,1
2024-05-23,10382.5,5402.44,11243.12,2,2
2024-05-23,8515.23,5214.95,7256.17,2,3
2024-05-23,7225.01,4121.16,6903.39,2,4
2024-05-23,24589.65,14235.19,25938.84,3,1
2024-05-23,25026.09,14248.0,27199.48,3,2
2024-05-23,14479.54,6698.36,15207.98,3,3
2024-05-23,18543.09,11435.76,18121.92,3,4
2024-05-23,14866.01,7333.66,12767.54,4,1
2024-05-23,11829.92,5744.26,12438.4,4,2
2024-05-23,4141.89,2627.55,4107.16,4,3
2024-05-23,5698.34,2783.62,5471.89,4,4
2024-05-23,25911.67,13680.95,26067.26,5,1
2024-05-23,6037.69,2945.59,5228.24,5,2
2024-05-23,9148.41,5105.29,10414.25,5,3
2024-05-23,4714.19,2954.68,4141.2,5,4
2024-05-24,22259.48,11072.63,25283.53,1,1
2024-05-24,12296.0,7742.87,10717.33,1,2
2024-05-24,20924.03,10753.12,18220.39,1,3
2024-05-24,21728.57,12799.22,19438.43,1,4
2024-05-24,17513.42,10253.33,16764.6,2,1
2024-05-24,19280.52,10588.18,22163.79,2,2
2024-05-24,11157.21,6659.23,11178.49,2,3
2024-05-24,18484.4,11463.6,18555.66,2,4
2024-05-24,13539.67,6310.63,14543.9,3,1
2024-05-24,17036.05,9977.99,16668.6,3,2
2024-05-24,18771.21,10371.13,15999.73,3,3
2024-05-24,20643.76,12822.08,20939.38,3,4
2024-05-24,6774.2,3727.6,6834.59,4,1
2024-05-24,5666.69,3101.35,5932.91,4,2
2024-05-24,16170.61,7806.31,15534.42,4,3
2024-05-24,8963.55,4288.94,7756.88,4,4
2024-05-24,14298.72,6988.66,12523.88,5,1
2024-05-24,11925.2,7124.13,11266.83,5,2
2024-05-24,10956.28,6804.78,12011.09,5,3
2024-05-24,14273.93,6819.56,13352.29,5,4
2024-05-25,22572.6,12827.26,23910.44,1,1
2024-05-25,24706.73,11654.22,22165.68,1,2
2024-05-25,17973.23,9721.45,17807.15,1,3
2024-05-25,13422.36,8640.38,13704.78,1,4
2024-05-25,22016.88,12496.29,24005.06,2,1
2024-05-25,18898.72,11607.56,18985.79,2,2
2024-05-25,4946.22,2754.75,5136.15,2,3
2024-05-25,6340.77,4053.29,5753.36,2,4
2024-05-25,6608.65,3185.63,6017.79,3,1
2024-05-25,9564.43,5139.82,10566.33,3,2
2024-05-25,24545.61,13774.65,25908.17,3,3
2024-05-25,12502.13,7114.57,13233.0,3,4
2024-05-25,18359.98,9747.9,20728.88,4,1
2024-05-25,16035.97,9417.72,14575.3,4,2
2024-05-25,6132.89,2858.51,6205.03,4,3
2024-05-25,13100.39,8368.77,14852.6,4,4
2024-05-25,12573.52,6213.41,11691.65,5,1
2024-05-25,11936.68,7273.71,11803.9,5,2
2024-05-25,14251.79,8322.48,14326.84,5,3
2024-05-25,13654.52,7251.43,13127.28,5,4
2024-05-26,31589.27,14991.6,34944.67,1,1
2024-05-26,24029.97,11143.74,27283.17,1,2
2024-05-26,16925.95,9225.26,18551.53,1,3
2024-05-26,8424.99,4974.97,9345.78,1,4
2024-05-26,17146.95,9663.76,18810.66,2,1
2024-05-26,20131.17,11905.52,21296.11,2,2
2024-05-26,15434.68,9894.3,17352.77,2,3
2024-05-26,7768.28,4882.42,8059.03,2,4
2024-05-26,26848.88,14855.56,24691.32,3,1
2024-05-26,19833.58,9437.07,21270.12,3,2
2024-05-26,14683.67,9197.64,14250.55,3,3
2024-05-26,21748.41,12191.55,21291.05,3,4
2024-05-26,14039.67,6406.99,15585.25,4,1
2024-05-26,14288.76,6703.52,13786.37,4,2
2024-05-26,8952.04,4058.46,9639.14,4,3
2024-05-26,11865.35,5570.91,11588.35,4,4
2024-05-26,21085.97,9587.89,18693.14,5,1
2024-05-26,17932.07,8901.6,19494.18,5,2
2024-05-26,9741.54,4384.01,10066.41,5,3
2024-05-26,17019.91,8864.43,15332.32,5,4
2024-05-27,22335.98,10593.46,23799.06,1,1
2024-05-27,17013.65,8171.38,18398.8,1,2
2024-05-27,27220.25,16849.03,26253.88,1,3
2024-05-27,13720.37,8887.36,12665.74,1,4
2024-05-27,15218.93,8950.42,14634.53,2,1
2024-05-27,6655.63,4013.45,7325.14,2,2
2024-05-27,7385.65,4179.16,6510.13,2,3
2024-05-27,9452.89,5535.25,10708.48,2,4
2024-05-27,26830.65,14858.5,26613.96,3,1
2024-05-27,21040.84,10685.27,23863.76,3,2
2024-05-27,11853.33,5437.83,13119.09,3,3
2024-05-27,12654.03,6515.86,14215.66,3,4
2024-05-27,8949.59,4666.21,8339.4,4,1
2024-05-27,15868.53,7413.84,15057.91,4,2
2024-05-27,15836.93,7322.49,16141.27,4,3
2024-05-27,7838.26,4838.09,8171.23,4,4
2024-05-27,9435.56,4742.2,9258.83,5,1
2024-05-27,17479.04,10725.07,18188.27,5,2
2024-05-27,16185.85,7892.68,18367.93,5,3
2024-05-27,11284.44,5277.48,11919.39,5,4
2024-05-28,32829.61,15003.7,35404.13,1,1
2024-05-28,8707.23,4811.6,8336.99,1,2
2024-05-28,28303.17,12841.77,26632.03,1,3
2024-05-28,9109.52,5781.55,7876.41,1,4
2024-05-28,7943.75,3768.15,7410.12,2,1
2024-05-28,9373.17,4780.32,8744.38,2,2
2024-05-28,9169.89,5217.81,10288.11,2,3
2024-05-28,10423.6,5059.25,11395.61,2,4
2024-05-28,25074.46,15119.72,26134.54,3,1
2024-05-28,26590.28,14228.84,27612.16,3,2
2024-05-28,15636.32,7523.59,16554.82,3,3
2024-05-28,7358.81,3398.05,8282.51,3,4
2024-05-28,15607.23,7997.18,13830.95,4,1
2024-05-28,12048.28,7075.19,12881.87,4,2
2024-05-28,16517.24,10473.0,18927.44,4,3
2024-05-28,6259.02,3021.95,5905.7,4,4
2024-05-28,21191.5,10787.79,23644.38,5,1
2024-05-28,10074.79,5349.79,8786.89,5,2
2024-05-28,14655.26,9339.06,15924.87,5,3
2024-05-28,13143.18,7202.45,12416.69,5,4
2024-05-29,9479.37,6057.19,10066.7,1,1
2024-05-29,15334.56,9598.35,13261.8,1,2
2024-05-29,13658.9,6672.32,13091.18,1,3
2024-05-29,15650.98,9123.41,15905.14,1,4
2024-05-29,18953.68,12269.26,16512.38,2,1
2024-05-29,19110.84,10966.6,16675.03,2,2
2024-05-29,12222.53,7261.99,11508.37,2,3
2024-05-29,17007.87,9455.23,17927.99,2,4
2024-05-29,16327.45,8887.47,18103.26,3,1
2024-05-29,24690.18,14042.88,27911.58,3,2
2024-05-29,25731.66,13836.44,22154.36,3,3
2024-05-29,7967.91,4950.81,9034.75,3,4
2024-05-29,19039.9,9565.87,18718.63,4,1
2024-05-29,11976.53,7154.12,13293.29,4,2
2024-05-29,9671.92,5553.03,10676.24,4,3
2024-05-29,12047.1,6524.35,11005.07,4,4
2024-05-29,9338.21,5962.88,8730.25,5,1
2024-05-29,20591.89,9338.3,23658.14,5,2
2024-05-29,21937.32,13239.46,19524.78,5,3
2024-05-29,11880.2,5446.12,12221.41,5,4
2024-05-30,13912.08,7368.92,12458.3,1,1
2024-05-30,11722.96,6939.95,10880.28,1,2
2024-05-30,24452.86,12849.15,26438.12,1,3
2024-05-30,10128.22,4882.53,11024.57,1,4
2024-05-30,17578.46,10185.1,17203.91,2,1
2024-05-30,10868.65,5105.09,9879.26,2,2
2024-05-30,9745.78,5021.14,10404.31,2,3
2024-05-30,10579.74,5803.44,9862.63,2,4
2024-05-30,16056.24,7293.38,18056.67,3,1
2024-05-30,11455.66,6147.3,11532.49,3,2
2024-05-30,15584.5,8691.18,16158.67,3,3
2024-05-30,13263.53,6862.2,15189.18,3,4
2024-05-30,9558.47,4652.85,8572.28,4,1
2024-05-30,12078.23,7457.76,11845.04,4,2
2024-05-30,7141.82,4290.07,7355.26,4,3
2024-05-30,7918.55,4954.54,8696.72,4,4
2024-05-30,18674.85,10274.81,17700.52,5,1
2024-05-30,24743.38,12647.5,24697.56,5,2
2024-05-30,22587.56,11695.37,25699.47,5,3
2024-05-30,11682.53,7227.67,11689.13,5,4
2024-05-31,23109.24,13954.45,24542.49,1,1
2024-05-31,7545.51,3599.18,7846.33,1,2
2024-05-31,16460.88,9518.2,16465.16,1,3
2024-05-31,14391.48,8220.71,14638.2,1,4
2024-05-31,9037.87,5717.46,9259.98,2,1
2024-05-31,13482.95,7608.99,11481.41,2,2
2024-05-31,15462.55,8157.32,16367.99,2,3
2024-05-31,5553.6,3529.52,6211.15,2,4
2024-05-31,23687.71,14922.91,24328.55,3,1
2024-05-31,12772.94,7136.91,14452.27,3,2
2024-05-31,8705.72,5334.37,8775.49,3,3
2024-05-31,11741.03,7405.05,12406.41,3,4
2024-05-31,9483.37,5092.54,8398.74,4,1
2024-05-31,4289.59,2366.64,3983.2,4,2
2024-05-31,12061.12,7016.17,12520.05,4,3
2024-05-31,10287.41,6544.19,11442.92,4,4
2024-05-31,9362.72,4697.62,9243.1,5,1
2024-05-31,6313.82,4010.85,6221.79,5,2
2024-05-31,7159.13,4543.98,7763.63,5,3
2024-05-31,19535.89,11829.93,19786.31,5,4
2024-06-01,9333.9,4354.57,9371.13,1,1
2024-06-01,7579.16,4061.75,6917.87,1,2
2024-06-01,19091.91,10471.57,21410.22,1,3
2024-06-01,20957.14,12994.78,20073.01,1,4
2024-06-01,7548.58,4269.78,6775.47,2,1
2024-06-01,9130.09,4798.63,9815.39,2,2
2024-06-01,20152.59,11874.87,17304.13,2,3
2024-06-01,5507.82,3053.39,6035.33,2,4
2024-06-01,18550.51,10451.17,21096.46,3,1
2024-06-01,11586.65,6443.49,10537.95,3,2
2024-06-01,8248.06,4275.01,7554.63,3,3
2024-06-01,9977.64,5870.05,10756.8,3,4
2024-06-01,10371.07,4991.71,9994.62,4,1
2024-06-01,9542.27,4713.45,10007.84,4,2
2024-06-01,15218.22,8295.99,13864.94,4,3
2024-06-01,9671.4,4438.39,8715.87,4,4
2024-06-01,10272.01,5806.16,9194.46,5,1
2024-06-01,7958.25,5073.88,9018.08,5,2
2024-06-01,15549.18,9221.36,15115.37,5,3
2024-06-01,6530.15,3772.2,7498.25,5,4
2024-06-02,19283.22,12155.22,21734.1,1,1
2024-06-02,18214.01,9822.78,15554.48,1,2
2024-06-02,19811.27,10290.91,18477.86,1,3
2024-06-02,8100.72,3798.8,7936.22,1,4
2024-06-02,13826.46,7102.29,12940.62,2,1
2024-06-02,21719.09,13880.06,18726.07,2,2
2024-06-02,6277.68,3076.89,6145.46,2,3
2024-06-02,17020.29,10645.49,16930.13,2,4
2024-06-02,17134.21,9693.38,19546.37,3,1
2024-06-02,19836.76,11601.62,18309.17,3,2
2024-06-02,9686.83,4669.61,10877.11,3,3
2024-06-02,15219.76,9692.71,14946.79,3,4
2024-06-02,18208.13,11475.07,20446.37,4,1
2024-06-02,14472.65,8590.42,16081.66,4,2
2024-06-02,7596.16,4462.63,6612.23,4,3
2024-06-02,8874.71,4413.33,10039.44,4,4
2024-06-02,15099.18,7025.3,15186.53,5,1
2024-06-02,20864.97,9701.14,20231.59,5,2
2024-06-02,22416.97,11088.62,20360.97,5,3
2024-06-02,18796.7,9583.37,19611.22,5,4
2024-06-03,8725.83,5327.5,7671.18,1,1
2024-06-03,17967.88,8580.86,16337.02,1,2
2024-06-03,7921.22,4535.94,7404.13,1,3
2024-06-03,17231.33,10852.81,19443.04,1,4
2024-06-03,15448.93,8116.91,16354.53,2,1
2024-06-03,7867.87,5049.34,7283.77,2,2
2024-06-03,4543.68,2752.25,4497.44,2,3
2024-06-03,4880.39,2949.02,4618.72,2,4
2024-06-03,11993.96,6689.08,11276.59,3,1
2024-06-03,22649.38,14261.47,25530.29,3,2
2024-06-03,18110.69,11744.49,17516.55,3,3
2024-06-03,22714.01,14129.54,22093.94,3,4
2024-06-03,9853.53,5226.96,10577.54,4,1
2024-06-03,8267.4,4819.56,8181.82,4,2
2024-06-03,12251.0,7107.17,11502.05,4,3
2024-06-03,8760.06,4469.89,9473.19,4,4
2024-06-03,16294.74,8358.79,15821.13,5,1
2024-06-03,23207.76,11774.4,21649.7,5,2
2024-06-03,20590.2,11923.68,21120.37,5,3
2024-06-03,9539.28,6103.43,8174.11,5,4
2024-06-04,9499.01,4446.88,10405.42,1,1
2024-06-04,20889.72,13482.42,23468.27,1,2
2024-06-04,20568.44,12229.26,18265.67,1,3
2024-06-04,9090.38,4742.84,9905.83,1,4
2024-06-04,7340.57,4552.78,7705.08,2,1
2024-06-04,9969.36,5739.04,11163.62,2,2
2024-06-04,7177.92,4027.15,6800.12,2,3
2024-06-04,5878.65,3190.62,5799.93,2,4
2024-06-04,22118.64,11246.28,22043.19,3,1
2024-06-04,11698.4,7099.29,13434.51,3,2
2024-06-04,5832.7,3435.43,5082.55,3,3
2024-06-04,8780.99,5670.62,7605.27,3,4
2024-06-04,18131.74,10007.37,20228.96,4,1
2024-06-04,8680.69,4614.83,9784.85,4,2
2024-06-04,15305.18,8313.87,16035.49,4,3
2024-06-04,3618.15,1694.88,3667.02,4,4
2024-06-04,16788.03,9622.39,15469.61,5,1
2024-06-04,16734.77,8246.69,14970.37,5,2
2024-06-04,14059.1,7900.92,15528.88,5,3
2024-06-04,8385.16,3924.62,8688.07,5,4
2024-06-05,26769.43,16038.8,29006.22,1,1
2024-06-05,26748.96,14255.24,23572.05,1,2
2024-06-05,17444.75,10216.27,16550.11,1,3
2024-06-05,6193.39,3573.91,6512.99,1,4
2024-06-05,16520.86,7525.92,18381.74,2,1
2024-06-05,11327.65,5293.19,12173.62,2,2
2024-06-05,4945.97,2247.34,4728.44,2,3
2024-06-05,10727.85,6059.86,11804.58,2,4
2024-06-05,25683.48,12604.28,23307.08,3,1
2024-06-05,5595.95,2845.83,5295.7,3,2
2024-06-05,16146.61,9105.76,17613.31,3,3
2024-06-05,13396.57,7203.67,13455.95,3,4
2024-06-05,9973.7,5523.23,11317.31,4,1
2024-06-05,10239.23,5692.18,9913.28,4,2
2024-06-05,10436.06,5749.57,11739.18,4,3
2024-06-05,6960.44,3627.13,7205.66,4,4
2024-06-05,8324.79,5332.68,7473.64,5,1
2024-06-05,10242.73,5272.38,9322.25,5,2
2024-06-05,13828.89,8440.09,11955.86,5,3
2024-06-05,19824.73,11484.66,17167.74,5,4
2024-06-06,8039.97,3944.66,7102.13,1,1
2024-06-06,9035.49,5097.5,10309.28,1,2
2024-06-06,25712.22,12006.84,27310.16,1,3
2024-06-06,12814.91,6183.48,11674.69,1,4
2024-06-06,20246.7,13053.73,22592.7,2,1
2024-06-06,22450.65,11591.24,23998.36,2,2
2024-06-06,15201.29,8315.87,13115.29,2,3
2024-06-06,12475.4,7674.5,11146.66,2,4
2024-06-06,21686.79,11266.16,21120.78,3,1
2024-06-06,14282.79,7467.12,14702.37,3,2
2024-06-06,17014.46,9143.57,18395.47,3,3
2024-06-06,7833.66,4363.78,8313.79,3,4
2024-06-06,12940.55,7662.53,14394.24,4,1
2024-06-06,17423.75,10405.15,17397.59,4,2
2024-06-06,6933.1,3879.62,7724.18,4,3
2024-06-06,3274.36,1799.28,3454.31,4,4
2024-06-06,14657.84,9085.74,13526.09,5,1
2024-06-06,18060.8,9984.36,15623.84,5,2
2024-06-06,9357.79,5767.96,10217.56,5,3
2024-06-06,10835.33,5315.52,11710.69,5,4
2024-06-07,9821.49,4668.15,9305.48,1,1
2024-06-07,25990.23,14667.84,26111.25,1,2
2024-06-07,24754.46,14396.8,25435.47,1,3
2024-06-07,15281.87,7054.32,16178.35,1,4
2024-06-07,23632.67,11894.79,24245.94,2,1
2024-06-07,9373.64,4320.36,9163.25,2,2
2024-06-07,20366.34,9653.07,19003.78,2,3
2024-06-07,7861.77,3858.58,7891.68,2,4
2024-06-07,25587.33,15306.29,24335.65,3,1
2024-06-07,23580.77,12730.72,26968.91,3,2
2024-06-07,8374.52,4649.72,9399.35,3,3
2024-06-07,10113.26,4828.14,11516.15,3,4
2024-06-07,15577.66,8896.58,17846.66,4,1
2024-06-07,4117.07,2553.14,4551.85,4,2
2024-06-07,11999.94,7398.29,12828.91,4,3
2024-06-07,8397.94,5162.93,8649.89,4,4
2024-06-07,13025.53,6101.77,12504.69,5,1
2024-06-07,24029.22,14154.37,21527.6,5,2
2024-06-07,22723.03,14372.45,20401.77,5,3
2024-06-07,18848.36,9726.42,18859.24,5,4
2024-06-08,15973.55,8750.36,17205.98,1,1
2024-06-08,9165.41,4457.88,9030.54,1,2
2024-06-08,7551.5,3475.51,7073.77,1,3
2024-06-08,14196.91,6904.96,15279.75,1,4
2024-06-08,6781.09,3422.89,6863.8,2,1
2024-06-08,11532.91,5649.98,12748.39,2,2
2024-06-08,11716.59,5570.26,9990.17,2,3
2024-06-08,16462.52,7775.56,16212.97,2,4
2024-06-08,19083.37,10937.27,20411.89,3,1
2024-06-08,19653.8,11986.74,17609.37,3,2
2024-06-08,11237.77,6667.43,10829.95,3,3
2024-06-08,21586.18,10844.99,19575.31,3,4
2024-06-08,12959.76,7565.4,11866.96,4,1
2024-06-08,16851.68,9211.7,17178.37,4,2
2024-06-08,11686.48,6990.17,10137.57,4,3
2024-06-08,4694.36,2191.61,4148.36,4,4
2024-06-08,21065.81,11318.26,22013.69,5,1
2024-06-08,11678.65,7306.08,12599.88,5,2
2024-06-08,10357.26,6660.21,10044.24,5,3
2024-06-08,14228.79,6404.95,12894.1,5,4
2024-06-09,14067.51,8667.79,12934.77,1,1
2024-06-09,20983.08,10993.26,18276.49,1,2
2024-06-09,5974.27,3820.94,5492.45,1,3
2024-06-09,17038.62,8450.23,14564.42,1,4
2024-06-09,19510.22,10813.36,19948.94,2,1
2024-06-09,17865.97,9802.84,19488.74,2,2
2024-06-09,11193.78,5776.52,10764.84,2,3
2024-06-09,17515.05,8716.11,19162.29,2,4
2024-06-09,26758.38,13299.49,29375.22,3,1
2024-06-09,14950.01,8976.64,16853.01,3,2
2024-06-09,18382.58,10196.28,16873.53,3,3
2024-06-09,9988.0,5918.18,10299.23,3,4
2024-06-09,17127.42,8681.69,17118.56,4,1
2024-06-09,12114.25,7019.36,12210.63,4,2
2024-06-09,8096.96,4529.91,7120.35,4,3
2024-06-09,4571.03,2083.26,4146.3,4,4
2024-06-09,7154.94,4289.09,7444.51,5,1
2024-06-09,19372.74,10434.99,19393.01,5,2
2024-06-09,22904.37,11628.56,24020.62,5,3
2024-06-09,6143.69,3694.03,5414.71,5,4
2024-06-10,21527.56,12718.02,20839.35,1,1
2024-06-10,21159.58,13641.1,20073.19,1,2
2024-06-10,7517.08,3849.05,6771.45,1,3
2024-06-10,16425.77,9949.54,14577.96,1,4
2024-06-10,21984.89,10722.41,24370.29,2,1
2024-06-10,11672.94,5344.38,10541.01,2,2
2024-06-10,8935.03,5231.23,8768.29,2,3
2024-06-10,9577.29,5237.55,9225.23,2,4
2024-06-10,22057.65,12378.04,18977.47,3,1
2024-06-10,26581.38,12917.14,28499.88,3,2
2024-06-10,13093.65,5959.56,14478.03,3,3
2024-06-10,17909.2,9383.52,15329.73,3,4
2024-06-10,17097.34,10621.88,19485.45,4,1
2024-06-10,14003.53,7181.06,12131.22,4,2
2024-06-10,6072.36,3480.05,6194.63,4,3
2024-06-10,12683.54,8136.75,11706.49,4,4
2024-06-10,20175.08,11703.35,18119.42,5,1
2024-06-10,17486.12,9634.79,16910.49,5,2
2024-06-10,22884.7,14794.94,26108.26,5,3
2024-06-10,6880.6,3949.8,6454.08,5,4
2024-06-11,21447.25,11189.96,22046.68,1,1
2024-06-11,28449.88,12996.04,29070.41,1,2
2024-06-11,8101.49,3780.88,8577.53,1,3
2024-06-11,25229.77,14829.11,26008.61,1,4
2024-06-11,10213.71,5030.91,10729.55,2,1
2024-06-11,18189.7,8472.51,17249.61,2,2
2024-06-11,15009.73,8055.0,16426.88,2,3
2024-06-11,8258.57,5339.25,7209.47,2,4
2024-06-11,14140.8,6614.21,15375.67,3,1
2024-06-11,15098.45,6829.16,13258.34,3,2
2024-06-11,24462.05,13932.06,21733.26,3,3
2024-06-11,11557.42,6128.82,13256.38,3,4
2024-06-11,12130.45,6994.46,11243.62,4,1
2024-06-11,16563.06,7563.32,17251.81,4,2
2024-06-11,9599.4,5933.34,10145.61,4,3
2024-06-11,9307.21,5071.18,9458.81,4,4
2024-06-11,16740.69,9690.14,16532.64,5,1
2024-06-11,11246.31,5948.28,10306.26,5,2
2024-06-11,17689.65,9635.33,17472.06,5,3
2024-06-11,10498.52,5186.1,11264.51,5,4
2024-06-12,29400.21,16303.08,31590.12,1,1
2024-06-12,21480.83,11663.91,19803.22,1,2
2024-06-12,14989.82,8041.54,14337.94,1,3
2024-06-12,12969.76,8411.02,12116.0,1,4
2024-06-12,19780.31,12794.64,17168.82,2,1
2024-06-12,15804.49,7777.93,13558.41,2,2
2024-06-12,19079.68,11403.74,16821.53,2,3
2024-06-12,8484.4,4751.13,9517.04,2,4
2024-06-12,12382.39,7784.1,12665.45,3,1
2024-06-12,27114.57,17381.37,28198.19,3,2
2024-06-12,12415.0,7095.22,11697.56,3,3
2024-06-12,10347.05,6659.47,10292.84,3,4
2024-06-12,18286.1,8630.5,17675.61,4,1
2024-06-12,15321.84,9813.28,13124.47,4,2
2024-06-12,14673.54,9191.7,15410.36,4,3
2024-06-12,10462.1,6388.95,11781.1,4,4
2024-06-12,18221.56,9089.22,15605.07,5,1
2024-06-12,16835.63,8528.66,16638.61,5,2
2024-06-12,20426.02,11902.21,21374.23,5,3
2024-06-12,15762.8,7442.32,15392.49,5,4
2024-06-13,7863.97,3594.66,8039.08,1,1
2024-06-13,18639.92,10326.21,16239.47,1,2
2024-06-13,10471.71,5953.27,11004.01,1,3
2024-06-13,12673.3,5854.12,13046.74,1,4
2024-06-13,20851.26,10888.0,17885.59,2,1
2024-06-13,21958.75,14183.5,19340.99,2,2
2024-06-13,17758.33,9675.43,15838.72,2,3
2024-06-13,15661.18,9190.5,16484.44,2,4
2024-06-13,7917.79,5022.98,6760.68,3,1
2024-06-13,17708.41,11376.8,15456.92,3,2
2024-06-13,10797.77,6185.48,11169.54,3,3
2024-06-13,14108.67,8226.45,13391.91,3,4
2024-06-13,16650.17,7498.8,18391.59,4,1
2024-06-13,5076.51,3027.01,5312.07,4,2
2024-06-13,10120.28,4630.39,9230.62,4,3
2024-06-13,11115.22,5974.74,11804.78,4,4
2024-06-13,25167.38,11534.65,28364.94,5,1
2024-06-13,8151.65,4789.24,8901.46,5,2
2024-06-13,8817.84,4814.59,8601.97,5,3
2024-06-13,20927.87,12438.62,18525.15,5,4
2024-06-14,15246.13,9032.32,13660.81,1,1
2024-06-14,16484.56,7810.59,14161.51,1,2
2024-06-14,24008.67,13803.2,20478.03,1,3
2024-06-14,8595.06,4105.39,8786.05,1,4
2024-06-14,7480.52,3377.76,7881.63,2,1
2024-06-14,14955.02,8189.56,12826.72,2,2
2024-06-14,20417.02,11920.3,19973.03,2,3
2024-06-14,5511.18,3552.72,5266.49,2,4
2024-06-14,22434.92,13208.11,24805.67,3,1
2024-06-14,12597.46,7249.04,11884.07,3,2
2024-06-14,15523.85,8509.61,16891.77,3,3
2024-06-14,13426.8,6285.48,13636.07,3,4
2024-06-14,9494.02,4545.04,8238.07,4,1
2024-06-14,10784.57,7009.26,11996.06,4,2
2024-06-14,7498.75,4606.21,7730.43,4,3
2024-06-14,5217.93,2416.84,5290.77,4,4
2024-06-14,27433.54,14251.29,31491.71,5,1
2024-06-14,5461.32,3376.22,5329.12,5,2
2024-06-14,15543.99,9551.68,13623.74,5,3
2024-06-14,5872.97,2825.83,6110.21,5,4
2024-06-15,15387.06,9433.38,14506.6,1,1
2024-06-15,27204.03,17107.94,26806.92,1,2
2024-06-15,19085.3,11584.61,21814.52,1,3
2024-06-15,19453.52,10115.07,21622.82,1,4
2024-06-15,22331.29,11354.56,20553.9,2,1
2024-06-15,10459.68,5208.34,11634.15,2,2
2024-06-15,5673.94,3004.42,5757.17,2,3
2024-06-15,4556.74,2151.49,5149.59,2,4
2024-06-15,29651.73,13900.48,32817.38,3,1
2024-06-15,14400.75,6505.15,14166.03,3,2
2024-06-15,24708.93,14699.16,27946.81,3,3
2024-06-15,6855.01,3714.91,5919.07,3,4
2024-06-15,7389.59,4165.1,6570.89,4,1
2024-06-15,13779.04,8806.16,15752.32,4,2
2024-06-15,10819.41,5621.84,10184.13,4,3
2024-06-15,10066.74,5192.51,11519.05,4,4
2024-06-15,12890.57,5979.64,12066.77,5,1
2024-06-15,12456.59,7400.89,12165.37,5,2
2024-06-15,22589.28,12294.49,21523.53,5,3
2024-06-15,11168.54,5585.33,9861.9,5,4
2024-06-16,9793.25,5904.3,10808.97,1,1
2024-06-16,29913.93,15648.12,26291.2,1,2
2024-06-16,17036.39,9806.67,19300.67,1,3
2024-06-16,25244.08,13679.26,26145.92,1,4
2024-06-16,12301.42,6563.31,13883.82,2,1
2024-06-16,12887.18,6515.45,12329.0,2,2
2024-06-16,19343.45,10500.01,19443.37,2,3
2024-06-16,14674.24,8622.21,15396.16,2,4
2024-06-16,23516.07,11123.18,22761.96,3,1
2024-06-16,9544.71,5325.05,9036.97,3,2
2024-06-16,13502.98,8104.3,11636.83,3,3
2024-06-16,16231.18,9531.4,17987.5,3,4
2024-06-16,5245.04,2927.64,5015.94,4,1
2024-06-16,17125.97,10232.85,19422.37,4,2
2024-06-16,9200.39,5451.6,9796.28,4,3
2024-06-16,13833.51,6533.76,12774.99,4,4
2024-06-16,5791.07,3490.95,5588.49,5,1
2024-06-16,5805.22,2685.44,6535.71,5,2
2024-06-16,12441.67,6805.5,12475.19,5,3
2024-06-16,19966.37,10140.45,18303.74,5,4
2024-06-17,15007.97,6790.87,15767.96,1,1
2024-06-17,25226.93,12392.0,28255.11,1,2
2024-06-17,13739.22,7533.89,14709.12,1,3
2024-06-17,16656.83,8150.62,15257.12,1,4
2024-06-17,23615.3,15164.91,22892.55,2,1
2024-06-17,7255.97,3951.58,6546.01,2,2
2024-06-17,13311.44,7979.57,13949.92,2,3
2024-06-17,4988.35,3193.86,4575.2,2,4
2024-06-17,16712.99,9261.14,18878.86,3,1
2024-06-17,7083.85,3699.72,6522.31,3,2
2024-06-17,16764.74,9244.36,15204.21,3,3
2024-06-17,12162.76,5832.1,13953.05,3,4
2024-06-17,6476.06,4032.61,7031.55,4,1
2024-06-17,10108.4,4603.59,10657.8,4,2
2024-06-17,15849.33,9848.2,15157.71,4,3
2024-06-17,6060.93,2900.24,5294.72,4,4
2024-06-17,13574.38,6823.64,12464.6,5,1
2024-06-17,19179.24,9958.44,17555.32,5,2
2024-06-17,16800.06,9837.88,14461.18,5,3
2024-06-17,17165.49,10643.83,17569.39,5,4
2024-06-18,16015.96,8969.55,13902.27,1,1
2024-06-18,29194.79,17148.25,27226.53,1,2
2024-06-18,22494.47,13515.46,22360.18,1,3
2024-06-18,9032.49,5267.52,8443.54,1,4
2024-06-18,6512.5,3556.01,6488.31,2,1
2024-06-18,18456.03,8953.58,16420.8,2,2
2024-06-18,8363.69,4906.32,8519.02,2,3
2024-06-18,5958.96,3279.65,6370.6,2,4
2024-06-18,24314.97,14509.51,23263.81,3,1
2024-06-18,8619.5,4414.41,9332.25,3,2
2024-06-18,5727.95,3476.81,5116.08,3,3
2024-06-18,5217.14,3081.8,5037.08,3,4
2024-06-18,11487.7,5983.92,10350.3,4,1
2024-06-18,10469.22,5651.98,10397.87,4,2
2024-06-18,14330.08,6950.94,15776.43,4,3
2024-06-18,14093.99,8459.82,12127.19,4,4
2024-06-18,23491.71,11487.68,21183.81,5,1
2024-06-18,6898.93,3343.33,6637.71,5,2
2024-06-18,13495.95,7445.46,14611.28,5,3
2024-06-18,18344.41,8883.42,21066.93,5,4
2024-06-19,16131.19,7818.64,13769.96,1,1
2024-06-19,12642.57,5736.18,10963.84,1,2
2024-06-19,23307.48,14221.96,25533.46,1,3
2024-06-19,16625.53,8465.55,17339.4,1,4
2024-06-19,7455.19,4089.59,8357.23,2,1
2024-06-19,16306.74,8404.78,15619.65,2,2
2024-06-19,16114.45,9248.62,18158.64,2,3
2024-06-19,14975.7,9267.78,15174.42,2,4
2024-06-19,23226.31,13329.42,23218.86,3,1
2024-06-19,25766.55,13184.86,29187.31,3,2
2024-06-19,15114.2,7099.4,14539.34,3,3
2024-06-19,9118.42,4633.11,7908.11,3,4
2024-06-19,6564.1,3791.24,6411.27,4,1
2024-06-19,9304.55,4910.94,8382.87,4,2
2024-06-19,11713.29,7099.5,11722.35,4,3
2024-06-19,5164.08,2853.17,4976.56,4,4
2024-06-19,7369.43,3918.14,8352.43,5,1
2024-06-19,14462.46,8311.23,12925.1,5,2
2024-06-19,18249.65,9210.35,17957.77,5,3
2024-06-19,10910.05,6766.53,11736.27,5,4
2024-06-20,26537.81,15251.21,23122.08,1,1
2024-06-20,25070.86,11946.69,21937.43,1,2
2024-06-20,10839.94,5516.01,10242.79,1,3
2024-06-20,17216.06,9335.54,18943.16,1,4
2024-06-20,23517.99,15139.75,20534.16,2,1
2024-06-20,12094.61,6633.22,11840.08,2,2
2024-06-20,12265.01,7161.64,11633.48,2,3
2024-06-20,9160.95,5198.04,10007.81,2,4
2024-06-20,18946.93,9875.76,21250.81,3,1
2024-06-20,17400.6,7849.46,19323.37,3,2
2024-06-20,11464.86,5402.17,13020.84,3,3
2024-06-20,4708.8,2895.06,4080.83,3,4
2024-06-20,8049.07,5200.95,7719.56,4,1
2024-06-20,16522.62,10665.1,17609.31,4,2
2024-06-20,8264.0,4349.85,9288.75,4,3
2024-06-20,4002.78,2232.56,3977.17,4,4
2024-06-20,21295.25,12787.79,18794.23,5,1
2024-06-20,10331.21,6304.79,10723.85,5,2
2024-06-20,20941.77,12402.08,23478.55,5,3
2024-06-20,21028.65,9524.41,22190.37,5,4
2024-06-21,19787.66,9840.56,17229.78,1,1
2024-06-21,23305.27,13093.77,20943.52,1,2
2024-06-21,26045.6,15975.22,23058.52,1,3
2024-06-21,15725.32,8928.18,14728.15,1,4
2024-06-21,5655.82,2999.67,5962.87,2,1
2024-06-21,8204.85,3774.98,8322.73,2,2
2024-06-21,5151.43,2469.31,5563.28,2,3
2024-06-21,7617.33,4529.39,6939.83,2,4
2024-06-21,14104.25,8200.67,14044.35,3,1
2024-06-21,25153.74,12430.17,23061.27,3,2
2024-06-21,18224.1,10815.87,18712.29,3,3
2024-06-21,17328.82,8399.05,17221.14,3,4
2024-06-21,15227.86,8720.89,15888.1,4,1
2024-06-21,15230.75,7010.11,13784.61,4,2
2024-06-21,16291.37,9123.68,15441.74,4,3
2024-06-21,8090.5,5005.19,8080.25,4,4
2024-06-21,10898.97,5725.15,10989.89,5,1
2024-06-21,21820.71,11394.96,24066.34,5,2
2024-06-21,19219.62,11504.82,21184.35,5,3
2024-06-21,15474.4,9972.63,16103.8,5,4
2024-06-22,28764.61,18314.72,31447.31,1,1
2024-06-22,24827.15,15653.99,27779.75,1,2
2024-06-22,15749.92,9462.06,14919.32,1,3
2024-06-22,17457.18,10589.94,16462.91,1,4
2024-06-22,9727.62,4960.96,8807.98,2,1
2024-06-22,13276.81,6706.01,11673.24,2,2
2024-06-22,9074.23,4976.51,8582.93,2,3
2024-06-22,10135.91,4641.66,10963.57,2,4
2024-06-22,21874.0,13074.88,24648.16,3,1
2024-06-22,27137.22,17556.91,29829.66,3,2
2024-06-22,15235.15,7342.29,15585.51,3,3
2024-06-22,5546.82,2913.53,6107.52,3,4
2024-06-22,8737.66,5162.09,9705.15,4,1
2024-06-22,12484.89,5911.76,11901.52,4,2
2024-06-22,7114.26,3798.11,7573.76,4,3
2024-06-22,12231.49,5646.94,12316.64,4,4
2024-06-22,7948.78,3768.71,6780.3,5,1
2024-06-22,23701.18,14190.66,26408.93,5,2
2024-06-22,7906.99,4027.23,8860.28,5,3
2024-06-22,12458.15,7233.72,13531.41,5,4
2024-06-23,29460.3,13413.1,31039.73,1,1
2024-06-23,28201.31,14729.63,27936.79,1,2
2024-06-23,24595.59,13048.55,28009.67,1,3
2024-06-23,24452.01,14315.55,24323.38,1,4
2024-06-23,14034.62,8364.13,12630.47,2,1
2024-06-23,14428.28,6533.14,14399.48,2,2
2024-06-23,5905.94,3465.42,5182.37,2,3
2024-06-23,18185.39,10484.68,15583.73,2,4
2024-06-23,10769.79,6646.51,10607.12,3,1
2024-06-23,26726.51,13032.2,29220.14,3,2
2024-06-23,21344.29,11998.43,21317.95,3,3
2024-06-23,19707.94,12635.86,21809.32,3,4
2024-06-23,5863.68,3122.0,6524.72,4,1
2024-06-23,11694.61,6613.98,13152.09,4,2
2024-06-23,14941.16,9658.75,13411.23,4,3
2024-06-23,14829.34,8839.21,16452.88,4,4
2024-06-23,19706.7,11059.89,21760.25,5,1
2024-06-23,21719.53,12930.03,22071.95,5,2
2024-06-23,11604.06,6901.74,10620.95,5,3
2024-06-23,20807.43,11817.77,20166.32,5,4
2024-06-24,23327.95,13076.81,25516.67,1,1
2024-06-24,14444.7,7351.64,14683.84,1,2
2024-06-24,24321.49,11067.02,27928.93,1,3
2024-06-24,17058.48,10819.32,19342.65,1,4
2024-06-24,24376.96,14876.49,22144.01,2,1
2024-06-24,16125.75,8378.09,14230.11,2,2
2024-06-24,4568.57,2721.21,5005.9,2,3
2024-06-24,15579.29,7950.56,13415.11,2,4
2024-06-24,17996.87,11138.06,15305.67,3,1
2024-06-24,15140.65,6944.62,16539.44,3,2
2024-06-24,7471.33,3730.51,7531.95,3,3
2024-06-24,10121.79,4998.05,11467.97,3,4
2024-06-24,14028.76,7951.48,14746.86,4,1
2024-06-24,15440.67,8499.98,14012.31,4,2
2024-06-24,15426.5,9461.25,17306.81,4,3
2024-06-24,8556.44,5531.9,9357.12,4,4
2024-06-24,25822.21,15923.85,25525.15,5,1
2024-06-24,11071.26,5688.62,11349.06,5,2
2024-06-24,18736.75,9751.59,20606.73,5,3
2024-06-24,9899.08,5983.83,10189.8,5,4
2024-06-25,21725.54,12836.27,24482.84,1,1
2024-06-25,27251.89,16840.72,23396.28,1,2
2024-06-25,14251.58,8269.67,13957.96,1,3
2024-06-25,16543.82,9570.75,15090.49,1,4
2024-06-25,13327.38,8109.24,12974.98,2,1
2024-06-25,21645.94,10580.5,21229.36,2,2
2024-06-25,9838.8,5765.4,9832.98,2,3
2024-06-25,9698.7,4753.3,8748.36,2,4
2024-06-25,7246.68,4037.68,7019.04,3,1
2024-06-25,15046.15,9087.78,17247.76,3,2
2024-06-25,22535.57,13095.33,19982.49,3,3
2024-06-25,9468.45,4984.68,8080.8,3,4
2024-06-25,11493.58,6120.38,12388.03,4,1
2024-06-25,8218.76,3976.2,8243.72,4,2
2024-06-25,6147.76,3042.69,5995.69,4,3
2024-06-25,10842.65,5623.82,9345.08,4,4
2024-06-25,5900.81,3455.72,6641.6,5,1
2024-06-25,7348.31,3334.33,7509.13,5,2
2024-06-25,5610.23,3582.22,5341.65,5,3
2024-06-25,18738.47,11278.98,20905.08,5,4
2024-06-26,26768.82,14686.4,23478.66,1,1
2024-06-26,19532.42,10876.16,19992.03,1,2
2024-06-26,28473.27,14121.67,31637.36,1,3
2024-06-26,25263.45,12529.0,28053.21,1,4
2024-06-26,11430.12,5687.09,11391.81,2,1
2024-06-26,10688.11,6639.64,10282.92,2,2
2024-06-26,19831.88,11053.08,17193.97,2,3
2024-06-26,8579.16,4981.99,8320.24,2,4
2024-06-26,11502.53,6536.73,12478.91,3,1
2024-06-26,26120.91,14141.53,24228.19,3,2
2024-06-26,5690.81,2774.09,5514.62,3,3
2024-06-26,23102.23,14519.38,19967.43,3,4
2024-06-26,13459.93,8599.77,14594.42,4,1
2024-06-26,16781.43,7688.23,15919.65,4,2
2024-06-26,5878.61,3464.08,5667.21,4,3
2024-06-26,9503.77,5442.06,9689.46,4,4
2024-06-26,13977.83,6739.46,12740.58,5,1
2024-06-26,17112.06,11013.38,14642.56,5,2
2024-06-26,16828.15,9814.42,18302.73,5,3
2024-06-26,10651.66,6606.38,10752.15,5,4
2024-06-27,32248.81,17758.97,32988.71,1,1
2024-06-27,22415.53,12458.78,20052.79,1,2
2024-06-27,13683.35,7726.9,11897.09,1,3
2024-06-27,24036.31,12490.38,22096.1,1,4
2024-06-27,18734.93,8436.75,20525.65,2,1
2024-06-27,19169.46,10791.4,22035.36,2,2
2024-06-27,15789.06,9549.55,14337.49,2,3
2024-06-27,9555.01,4909.66,8836.12,2,4
2024-06-27,7796.36,4499.92,7287.46,3,1
2024-06-27,16562.85,9747.92,14653.09,3,2
2024-06-27,22440.5,13083.42,22691.86,3,3
2024-06-27,12849.24,6411.99,13828.26,3,4
2024-06-27,10334.49,4843.61,11177.15,4,1
2024-06-27,3712.07,2248.26,4148.2,4,2
2024-06-27,7483.55,3783.7,7642.63,4,3
2024-06-27,8900.32,4482.62,7576.2,4,4
2024-06-27,14142.56,8842.41,12209.51,5,1
2024-06-27,15334.84,9125.81,14761.59,5,2
2024-06-27,15575.43,10102.82,16563.8,5,3
2024-06-27,5541.82,2788.11,5971.39,5,4
2024-06-28,14802.96,6736.29,13711.02,1,1
2024-06-28,29921.31,15775.01,29234.7,1,2
2024-06-28,14761.06,7896.2,12893.83,1,3
2024-06-28,17455.54,9820.7,17140.31,1,4
2024-06-28,15789.47,9574.42,17410.41,2,1
2024-06-28,13346.22,6538.81,14770.82,2,2
2024-06-28,14906.88,7591.22,15573.59,2,3
2024-06-28,14046.36,8417.29,15887.8,2,4
2024-06-28,25878.44,14872.77,22026.66,3,1
2024-06-28,19676.32,10808.16,18304.77,3,2
2024-06-28,21299.96,12533.43,19046.88,3,3
2024-06-28,17906.34,9875.45,15733.72,3,4
2024-06-28,8956.85,4606.04,9778.88,4,1
2024-06-28,7233.21,4324.64,6889.48,4,2
2024-06-28,9451.86,5011.53,8482.39,4,3
2024-06-28,10590.02,4948.03,9878.59,4,4
2024-06-28,7099.31,3536.64,7829.34,5,1
2024-06-28,12996.45,6617.31,11245.97,5,2
2024-06-28,19006.2,9620.37,21012.17,5,3
2024-06-28,13784.56,7958.31,13169.53,5,4
2024-06-29,25348.32,13485.76,21909.54,1,1
2024-06-29,16161.78,7357.8,15892.46,1,2
2024-06-29,7150.51,3572.41,6502.77,1,3
2024-06-29,24608.89,15399.51,27379.97,1,4
2024-06-29,19848.71,11194.15,19816.15,2,1
2024-06-29,12465.91,6773.94,11453.08,2,2
2024-06-29,15442.21,7445.94,16470.18,2,3
2024-06-29,18965.34,11907.26,19855.1,2,4
2024-06-29,27282.04,15316.33,28584.32,3,1
2024-06-29,18649.21,10601.27,15870.23,3,2
2024-06-29,13880.42,6509.5,12557.39,3,3
2024-06-29,19086.98,9207.83,18031.63,3,4
2024-06-29,9930.36,6106.92,8977.41,4,1
2024-06-29,5319.01,3336.37,5485.81,4,2
2024-06-29,12325.12,7099.72,13047.51,4,3
2024-06-29,4084.0,2595.46,4489.86,4,4
2024-06-29,22503.93,14153.59,25221.16,5,1
2024-06-29,19980.23,12656.71,19786.92,5,2
2024-06-29,17163.13,7937.73,18022.79,5,3
2024-06-29,12823.63,7175.29,13621.58,5,4
2024-06-30,7646.42,4337.88,7511.36,1,1
2024-06-30,19582.21,11459.99,19622.99,1,2
2024-06-30,26477.19,12095.07,29686.64,1,3
2024-06-30,17902.11,11316.02,20121.21,1,4
2024-06-30,12172.94,5795.27,11305.54,2,1
2024-06-30,15332.34,7478.7,13949.79,2,2
2024-06-30,6391.65,3244.36,5435.08,2,3
2024-06-30,5532.06,2776.36,5614.5,2,4
2024-06-30,16568.94,10310.09,15297.29,3,1
2024-06-30,11812.87,6418.82,13453.24,3,2
2024-06-30,10634.3,5697.37,10137.34,3,3
2024-06-30,5074.58,2471.29,4856.91,3,4
2024-06-30,10188.23,6043.07,9534.18,4,1
2024-06-30,11202.4,5811.94,12185.11,4,2
2024-06-30,15082.48,8931.14,14167.54,4,3
2024-06-30,4072.27,2009.02,3779.06,4,4
2024-06-30,12476.08,5742.98,14343.45,5,1
2024-06-30,8348.51,4687.48,9115.54,5,2
2024-06-30,13270.54,6915.11,11608.01,5,3
2024-06-30,9900.26,5337.16,8727.41,5,4
2024-07-01,21998.58,14228.98,21916.31,1,1
2024-07-01,23110.63,14807.11,21479.51,1,2
2024-07-01,22745.89,11765.21,23535.15,1,3
2024-07-01,16722.32,8284.01,17579.52,1,4
2024-07-01,14392.7,6728.14,15173.76,2,1
2024-07-01,21584.48,11689.85,19378.99,2,2
2024-07-01,9912.53,6198.52,10364.74,2,3
2024-07-01,12709.96,7433.73,13698.65,2,4
2024-07-01,8405.18,5278.59,7814.02,3,1
2024-07-01,14015.61,8528.96,15405.15,3,2
2024-07-01,20108.29,10411.76,17935.13,3,3
2024-07-01,14601.41,7567.77,16154.93,3,4
2024-07-01,6000.23,3269.78,6499.98,4,1
2024-07-01,7376.57,3711.86,7260.93,4,2
2024-07-01,6695.78,3980.54,7357.94,4,3
2024-07-01,3648.55,1719.65,3130.11,4,4
2024-07-01,16358.49,9875.66,14211.31,5,1
2024-07-01,16003.73,9545.92,14889.98,5,2
2024-07-01,19901.61,10844.18,16931.09,5,3
2024-07-01,9549.07,6177.02,9341.81,5,4
2024-07-02,16324.36,8611.85,16944.7,1,1
2024-07-02,9823.08,4664.34,10809.0,1,2
2024-07-02,18189.56,8309.35,18481.42,1,3
2024-07-02,19359.29,10023.25,17670.62,1,4
2024-07-02,19173.72,11554.71,18071.02,2,1
2024-07-02,15466.77,9261.68,13649.37,2,2
2024-07-02,19320.54,11403.09,20211.13,2,3
2024-07-02,7411.21,3854.97,6858.08,2,4
2024-07-02,17450.38,10147.87,16396.17,3,1
2024-07-02,7209.9,4240.23,7569.44,3,2
2024-07-02,18400.57,10498.76,21140.15,3,3
2024-07-02,11882.8,5848.92,12421.21,3,4
2024-07-02,8849.8,5065.0,7610.17,4,1
2024-07-02,16120.83,10442.25,14356.15,4,2
2024-07-02,14035.97,6988.75,12662.67,4,3
2024-07-02,5554.84,2898.99,4786.27,4,4
2024-07-02,9572.89,5956.03,10695.14,5,1
2024-07-02,18067.53,9967.35,20748.8,5,2
2024-07-02,15180.81,9748.85,14790.02,5,3
2024-07-02,20704.6,10930.33,20922.76,5,4
2024-07-03,16255.32,9825.39,18016.08,1,1
2024-07-03,14835.29,8423.02,16230.91,1,2
2024-07-03,17923.98,9675.15,18815.65,1,3
2024-07-03,9581.22,5734.15,8197.11,1,4
2024-07-03,17386.09,9333.09,19898.84,2,1
2024-07-03,4530.53,2361.06,4462.5,2,2
2024-07-03,10979.6,5165.51,9427.06,2,3
2024-07-03,10570.37,6017.2,11496.8,2,4
2024-07-03,18377.49,8294.33,18370.6,3,1
2024-07-03,14171.2,8042.55,14970.62,3,2
2024-07-03,12465.85,5798.28,11597.33,3,3
2024-07-03,16335.54,7797.33,16053.26,3,4
2024-07-03,11393.15,6417.1,10378.77,4,1
2024-07-03,9465.14,5745.23,10647.21,4,2
2024-07-03,13034.58,6486.38,11614.26,4,3
2024-07-03,10094.55,5731.12,9733.96,4,4
2024-07-03,25321.6,15298.78,26370.53,5,1
2024-07-03,19071.76,11009.49,17251.53,5,2
2024-07-03,18791.54,10700.89,16170.79,5,3
2024-07-03,13392.4,6899.75,14131.03,5,4
2024-07-04,9932.42,5147.95,11201.75,1,1
2024-07-04,27150.97,13389.78,29624.45,1,2
2024-07-04,14459.67,7603.97,12861.46,1,3
2024-07-04,11922.54,7299.01,12555.9,1,4
2024-07-04,16439.09,10239.78,18543.57,2,1
2024-07-04,18900.76,9455.65,17828.96,2,2
2024-07-04,5644.6,2925.73,6146.21,2,3
2024-07-04,10603.55,5933.03,11437.55,2,4
2024-07-04,21772.54,12484.7,20210.84,3,1
2024-07-04,6818.83,3885.4,5935.14,3,2
2024-07-04,16951.6,10847.28,17830.8,3,3
2024-07-04,6761.6,3048.58,6807.78,3,4
2024-07-04,12111.13,7357.86,12060.5,4,1
2024-07-04,9011.54,5374.67,9562.4,4,2
2024-07-04,3808.57,2095.41,3788.5,4,3
2024-07-04,13228.46,6466.92,14007.96,4,4
2024-07-04,5530.55,2851.04,6208.23,5,1
2024-07-04,12364.98,5961.24,11135.96,5,2
2024-07-04,15905.15,9026.17,15227.39,5,3
2024-07-04,7642.94,3802.82,7685.04,5,4
2024-07-05,27663.74,13642.81,27429.38,1,1
2024-07-05,24810.34,12363.01,24330.97,1,2
2024-07-05,27554.61,14085.36,23883.54,1,3
2024-07-05,12407.92,5616.58,12382.36,1,4
2024-07-05,6601.94,3626.48,6327.72,2,1
2024-07-05,21704.66,13096.09,23347.62,2,2
2024-07-05,13447.18,7939.86,13089.76,2,3
2024-07-05,6920.46,4493.05,5916.72,2,4
2024-07-05,13933.47,8283.25,12367.16,3,1
2024-07-05,10268.41,5937.94,10396.96,3,2
2024-07-05,19168.22,8751.61,16570.27,3,3
2024-07-05,21636.12,13086.24,19048.11,3,4
2024-07-05,17975.26,11104.12,20225.23,4,1
2024-07-05,4618.69,2459.33,5202.83,4,2
2024-07-05,11993.74,5841.33,11147.42,4,3
2024-07-05,6232.08,3675.82,6146.22,4,4
2024-07-05,10729.33,5062.34,9171.88,5,1
2024-07-05,13856.21,8678.74,15057.68,5,2
2024-07-05,16580.48,9843.48,17624.09,5,3
2024-07-05,20889.93,12286.9,17853.51,5,4
2024-07-06,8913.5,5348.59,9671.6,1,1
2024-07-06,17234.6,9197.71,19616.18,1,2
2024-07-06,24539.06,14530.42,24010.1,1,3
2024-07-06,22642.23,12298.64,23785.03,1,4
2024-07-06,15166.9,8766.79,16170.48,2,1
2024-07-06,7732.82,3603.4,8020.36,2,2
2024-07-06,19401.57,9575.09,20209.3,2,3
2024-07-06,16595.65,9840.54,14972.95,2,4
2024-07-06,9066.88,5314.38,9280.89,3,1
2024-07-06,17612.33,10937.89,15322.3,3,2
2024-07-06,8627.82,5588.98,9666.97,3,3
2024-07-06,12290.03,6463.75,10508.8,3,4
2024-07-06,13911.13,6442.0,13855.1,4,1
2024-07-06,15469.11,8477.99,14663.38,4,2
2024-07-06,12977.55,5866.33,11214.69,4,3
2024-07-06,13349.84,6548.05,13454.17,4,4
2024-07-06,11378.09,5655.04,11101.58,5,1
2024-07-06,21978.19,11107.28,19166.46,5,2
2024-07-06,7033.49,3829.37,7070.43,5,3
2024-07-06,12836.52,7616.09,11684.05,5,4
2024-07-07,8686.9,4668.07,7445.74,1,1
2024-07-07,21738.85,11605.87,21641.73,1,2
2024-07-07,28427.17,16160.8,27328.66,1,3
2024-07-07,13878.19,7741.59,14348.41,1,4
2024-07-07,20446.41,10529.56,23332.54,2,1
2024-07-07,15455.25,9359.81,17261.42,2,2
2024-07-07,7136.39,4494.64,6300.82,2,3
2024-07-07,11000.23,5506.99,9929.59,2,4
2024-07-07,22267.78,14179.64,20038.18,3,1
2024-07-07,22560.62,11301.99,19753.4,3,2
2024-07-07,13606.19,7687.06,13931.63,3,3
2024-07-07,20892.92,11075.94,20054.86,3,4
2024-07-07,18541.9,11076.72,19411.59,4,1
2024-07-07,13702.75,7554.53,13310.43,4,2
2024-07-07,4806.48,2432.27,5424.77,4,3
2024-07-07,6001.77,3053.72,6033.16,4,4
2024-07-07,26021.21,16139.59,26465.07,5,1
2024-07-07,20797.96,11749.91,20489.05,5,2
2024-07-07,5556.64,2894.43,5678.05,5,3
2024-07-07,14899.35,7929.5,16783.07,5,4
2024-07-08,30912.56,14607.43,33159.14,1,1
2024-07-08,21522.57,11995.28,21590.15,1,2
2024-07-08,19253.34,11104.88,16907.85,1,3
2024-07-08,13425.17,6570.55,12687.86,1,4
2024-07-08,5304.69,2966.15,4891.06,2,1
2024-07-08,15732.82,7832.78,17752.22,2,2
2024-07-08,12283.54,5558.05,10842.04,2,3
2024-07-08,18516.9,11958.61,19608.59,2,4
2024-07-08,25732.5,15666.52,28173.57,3,1
2024-07-08,23645.34,11814.0,23575.6,3,2
2024-07-08,16703.14,9071.82,14254.79,3,3
2024-07-08,5997.8,2798.42,5219.09,3,4
2024-07-08,5725.48,3074.92,6487.34,4,1
2024-07-08,8036.03,4564.73,8279.55,4,2
2024-07-08,10334.19,6398.1,11135.44,4,3
2024-07-08,11430.28,7338.48,10661.73,4,4
2024-07-08,19713.75,10729.7,19047.93,5,1
2024-07-08,17858.12,10128.48,16740.54,5,2
2024-07-08,20111.11,12054.82,20298.85,5,3
2024-07-08,7400.27,3501.82,6341.99,5,4
2024-07-09,22954.03,13360.12,20610.71,1,1
2024-07-09,15261.91,8129.2,16433.04,1,2
2024-07-09,20685.6,10696.23,18494.08,1,3
2024-07-09,16100.91,9523.35,17496.3,1,4
2024-07-09,8747.08,4004.69,8301.8,2,1
2024-07-09,4699.06,2557.46,5184.54,2,2
2024-07-09,15817.39,8047.1,15053.6,2,3
2024-07-09,14351.22,8725.89,15827.17,2,4
2024-07-09,7108.15,4410.19,6934.05,3,1
2024-07-09,7686.97,4097.03,6734.03,3,2
2024-07-09,25414.7,13319.05,24248.98,3,3
2024-07-09,22833.63,10751.36,20224.41,3,4
2024-07-09,17782.2,8851.41,17359.06,4,1
2024-07-09,8108.46,3714.81,8381.12,4,2
2024-07-09,3415.32,1949.7,3101.63,4,3
2024-07-09,12725.15,6914.81,11916.29,4,4
2024-07-09,22127.91,13524.17,22913.3,5,1
2024-07-09,10529.08,6031.22,11934.08,5,2
2024-07-09,21142.88,9921.36,18905.49,5,3
2024-07-09,18912.55,9543.09,19403.27,5,4
2024-07-10,18958.8,12091.56,20909.95,1,1
2024-07-10,13900.24,7069.17,11858.45,1,2
2024-07-10,6743.06,4047.78,7725.51,1,3
2024-07-10,13853.74,8211.64,12774.63,1,4
2024-07-10,20039.48,12567.67,19969.27,2,1
2024-07-10,6972.59,3626.2,5950.22,2,2
2024-07-10,7459.89,4097.96,8159.62,2,3
2024-07-10,4560.57,2588.2,4607.94,2,4
2024-07-10,29127.28,13394.84,31800.81,3,1
2024-07-10,26472.45,16187.82,26609.16,3,2
2024-07-10,23846.66,13631.01,21212.07,3,3
2024-07-10,6365.34,3689.81,6651.97,3,4
2024-07-10,9382.04,6055.46,9067.5,4,1
2024-07-10,5737.51,2712.98,6524.98,4,2
2024-07-10,4832.8,2766.73,4741.18,4,3
2024-07-10,3026.45,1513.24,3410.17,4,4
2024-07-10,8338.15,4622.82,9400.56,5,1
2024-07-10,7595.91,3938.83,6728.29,5,2
2024-07-10,5042.54,3143.31,4739.83,5,3
2024-07-10,13617.87,6509.56,14158.06,5,4
2024-07-11,13177.18,7714.5,13596.29,1,1
2024-07-11,24579.09,13370.46,24987.62,1,2
2024-07-11,17308.19,8577.72,19131.18,1,3
2024-07-11,15814.86,9720.71,13631.34,1,4
2024-07-11,6520.59,3709.05,7173.57,2,1
2024-07-11,14648.46,6763.61,16736.5,2,2
2024-07-11,17462.09,9906.42,15530.03,2,3
2024-07-11,14064.59,8555.83,14570.14,2,4
2024-07-11,9932.8,4646.68,10078.91,3,1
2024-07-11,6224.66,3695.19,6981.58,3,2
2024-07-11,23145.72,12628.94,22648.19,3,3
2024-07-11,15795.47,7232.24,13794.31,3,4
2024-07-11,13032.92,6150.96,11979.69,4,1
2024-07-11,4820.35,2940.2,5029.38,4,2
2024-07-11,8736.79,4980.27,8909.04,4,3
2024-07-11,10232.82,5761.52,9188.4,4,4
2024-07-11,9718.16,5198.32,10769.48,5,1
2024-07-11,20180.79,10470.06,22177.07,5,2
2024-07-11,13120.47,6202.3,12199.93,5,3
2024-07-11,19940.38,12863.54,17232.21,5,4
2024-07-12,30861.85,15324.15,29564.88,1,1
2024-07-12,17522.6,9404.62,16115.04,1,2
2024-07-12,8453.11,4493.72,8764.32,1,3
2024-07-12,14212.78,7384.97,12464.12,1,4
2024-07-12,9775.3,5440.76,9805.91,2,1
2024-07-12,18954.66,11471.1,18397.82,2,2
2024-07-12,16342.01,10416.4,17817.7,2,3
2024-07-12,5014.4,2852.26,4976.21,2,4
2024-07-12,28906.84,17240.64,29180.8,3,1
2024-07-12,12347.25,6875.08,14146.21,3,2
2024-07-12,25424.94,12334.38,28588.76,3,3
2024-07-12,14321.6,7859.5,14842.05,3,4
2024-07-12,13652.49,7854.24,12852.57,4,1
2024-07-12,3998.15,1893.97,3729.9,4,2
2024-07-12,14770.38,8268.69,16640.06,4,3
2024-07-12,10109.32,5441.53,8939.66,4,4
2024-07-12,19908.8,8972.57,18789.92,5,1
2024-07-12,14173.45,8515.54,16154.27,5,2
2024-07-12,20238.57,11491.68,19999.69,5,3
2024-07-12,18941.59,11451.57,17485.31,5,4
2024-07-13,29563.05,14778.58,26485.74,1,1
2024-07-13,9528.18,4500.73,9679.23,1,2
2024-07-13,14648.68,8239.07,13076.77,1,3
2024-07-13,8629.36,3894.35,7448.81,1,4
2024-07-13,11129.96,5809.56,11918.09,2,1
2024-07-13,16871.06,8688.29,17136.87,2,2
2024-07-13,11287.73,5598.69,9935.64,2,3
2024-07-13,18978.33,9655.13,20846.36,2,4
2024-07-13,29407.94,18215.05,33116.52,3,1
2024-07-13,11587.8,5283.97,10388.6,3,2
2024-07-13,17153.39,9942.69,17195.26,3,3
2024-07-13,10327.84,6052.76,10714.84,3,4
2024-07-13,16112.05,9490.19,15888.93,4,1
2024-07-13,3783.0,2009.01,3235.48,4,2
2024-07-13,13559.25,6182.4,15377.18,4,3
2024-07-13,4309.79,2021.45,4241.56,4,4
2024-07-13,19697.53,12351.81,19035.64,5,1
2024-07-13,5078.26,2835.35,5043.01,5,2
2024-07-13,17390.15,9140.03,14833.28,5,3
2024-07-13,16841.61,8658.01,19182.87,5,4
2024-07-14,21831.33,11121.6,24156.75,1,1
2024-07-14,10058.63,5207.67,9797.28,1,2
2024-07-14,14708.36,7132.18,15636.09,1,3
2024-07-14,18251.74,10258.38,20889.58,1,4
2024-07-14,23038.99,14868.16,24935.35,2,1
2024-07-14,21086.24,13241.78,21254.14,2,2
2024-07-14,13958.9,8601.59,15978.94,2,3
2024-07-14,15101.77,7641.62,15268.48,2,4
2024-07-14,18630.66,9235.38,18144.6,3,1
2024-07-14,21323.33,13664.3,23621.42,3,2
2024-07-14,23717.32,10722.79,26195.02,3,3
2024-07-14,21666.88,14001.19,21989.5,3,4
2024-07-14,15651.84,7053.74,15954.34,4,1
2024-07-14,8241.11,4457.42,8431.68,4,2
2024-07-14,13793.94,8535.31,15644.58,4,3
2024-07-14,5938.43,2781.87,5515.8,4,4
2024-07-14,23591.49,12394.55,22536.46,5,1
2024-07-14,5543.05,2952.05,6152.25,5,2
2024-07-14,17305.81,9440.2,15611.05,5,3
2024-07-14,4300.16,2173.52,4059.04,5,4
2024-07-15,7220.87,4324.65,6804.9,1,1
2024-07-15,19449.02,11231.38,19741.63,1,2
2024-07-15,10046.27,6135.67,8964.82,1,3
2024-07-15,18410.28,8434.96,18021.55,1,4
2024-07-15,13494.04,7287.66,14821.49,2,1
2024-07-15,9161.68,5509.41,9500.24,2,2
2024-07-15,17540.39,9856.73,18771.91,2,3
2024-07-15,15597.79,9019.2,14069.63,2,4
2024-07-15,11525.61,5951.26,10978.44,3,1
2024-07-15,6220.62,3711.79,7133.53,3,2
2024-07-15,22389.22,12123.57,20007.31,3,3
2024-07-15,5182.96,2502.88,5185.1,3,4
2024-07-15,8569.03,4793.97,9646.71,4,1
2024-07-15,11052.57,6106.3,9952.45,4,2
2024-07-15,5836.57,3362.82,5973.69,4,3
2024-07-15,7411.06,4427.76,6618.46,4,4
2024-07-15,14049.72,8327.37,14824.95,5,1
2024-07-15,22247.46,11749.99,25366.8,5,2
2024-07-15,22030.14,13834.78,22937.21,5,3
2024-07-15,6716.36,4117.84,6451.24,5,4
2024-07-16,31795.58,19364.36,33646.3,1,1
2024-07-16,12339.41,6218.6,11331.56,1,2
2024-07-16,10801.6,7004.59,11959.34,1,3
2024-07-16,14572.78,7569.38,15107.4,1,4
2024-07-16,11580.56,6178.9,11609.52,2,1
2024-07-16,21450.78,10474.5,20903.88,2,2
2024-07-16,17413.93,8078.54,18620.88,2,3
2024-07-16,15378.72,9673.05,15004.77,2,4
2024-07-16,28940.2,13534.48,31868.31,3,1
2024-07-16,9509.73,4329.85,9508.9,3,2
2024-07-16,25245.94,13609.29,28745.31,3,3
2024-07-16,10030.54,5029.14,9414.68,3,4
2024-07-16,4978.44,2681.73,4914.72,4,1
2024-07-16,12674.81,6022.38,14325.0,4,2
2024-07-16,11605.48,6449.59,12124.76,4,3
2024-07-16,6968.81,4043.23,5984.32,4,4
2024-07-16,9367.95,5866.11,8279.32,5,1
2024-07-16,15681.91,10021.64,17396.85,5,2
2024-07-16,11815.64,5350.39,12614.98,5,3
2024-07-16,7058.73,4551.92,6983.76,5,4
2024-07-17,13766.67,8078.35,12593.1,1,1
2024-07-17,8545.68,5065.75,9211.04,1,2
2024-07-17,26452.97,14139.52,28309.33,1,3
2024-07-17,16963.34,8524.62,18224.2,1,4
2024-07-17,21450.67,12298.98,19885.29,2,1
2024-07-17,5908.71,2713.86,5594.34,2,2
2024-07-17,20899.2,11841.41,21154.35,2,3
2024-07-17,7919.72,3633.75,8395.68,2,4
2024-07-17,21466.89,11701.06,19136.49,3,1
2024-07-17,15423.36,7173.18,16092.59,3,2
2024-07-17,6837.02,4437.08,6646.03,3,3
2024-07-17,13244.16,8551.95,13692.83,3,4
2024-07-17,10509.83,5446.3,8995.1,4,1
2024-07-17,10019.6,5072.05,10867.41,4,2
2024-07-17,11876.27,5435.79,12532.79,4,3
2024-07-17,10612.44,5064.6,10157.79,4,4
2024-07-17,14634.31,7816.92,16549.67,5,1
2024-07-17,6221.73,4014.18,6449.68,5,2
2024-07-17,5297.25,2982.04,5394.19,5,3
2024-07-17,14048.87,7714.05,14762.39,5,4
2024-07-18,20573.48,13176.39,20308.82,1,1
2024-07-18,11651.05,5286.9,10505.0,1,2
2024-07-18,25264.49,13829.56,26369.56,1,3
2024-07-18,20301.01,11858.12,19104.48,1,4
2024-07-18,16576.45,8434.89,14324.18,2,1
2024-07-18,7500.39,4120.33,6738.84,2,2
2024-07-18,16454.55,8155.29,16377.83,2,3
2024-07-18,17787.49,9279.52,17954.54,2,4
2024-07-18,17132.23,8611.66,14588.57,3,1
2024-07-18,17969.18,8260.29,19131.34,3,2
2024-07-18,10000.74,6315.2,9841.06,3,3
2024-07-18,6983.04,3799.61,7410.0,3,4
2024-07-18,8655.72,4606.26,8817.03,4,1
2024-07-18,3976.79,2227.52,4298.38,4,2
2024-07-18,5249.37,2477.27,5932.47,4,3
2024-07-18,7649.58,3614.16,7720.54,4,4
2024-07-18,13145.73,7497.88,12138.62,5,1
2024-07-18,23490.63,13737.63,20418.85,5,2
2024-07-18,20876.65,12584.07,19767.05,5,3
2024-07-18,10634.76,6734.65,10397.4,5,4
2024-07-19,19361.98,10893.08,20120.22,1,1
2024-07-19,7349.41,4208.88,7153.76,1,2
2024-07-19,21792.88,11553.22,24718.54,1,3
2024-07-19,20586.69,11149.65,21922.74,1,4
2024-07-19,5581.62,2701.93,4891.82,2,1
2024-07-19,13603.22,8193.97,15305.53,2,2
2024-07-19,6099.44,2860.43,5811.0,2,3
2024-07-19,15592.74,7308.85,14395.45,2,4
2024-07-19,8769.17,4095.69,7733.88,3,1
2024-07-19,8685.4,5402.77,7553.68,3,2
2024-07-19,15492.7,9240.31,16253.49,3,3
2024-07-19,16995.3,7687.32,16700.21,3,4
2024-07-19,9786.57,4972.34,9702.0,4,1
2024-07-19,9279.72,4864.45,9706.1,4,2
2024-07-19,12708.83,7679.24,12838.05,4,3
2024-07-19,3016.98,1761.24,2728.02,4,4
2024-07-19,15029.86,6958.0,16203.29,5,1
2024-07-19,17571.96,10461.09,16217.95,5,2
2024-07-19,17683.26,10921.42,19334.94,5,3
2024-07-19,16866.16,10034.38,17504.27,5,4
2024-07-20,26769.62,12924.95,23909.28,1,1
2024-07-20,20763.19,10479.39,23515.21,1,2
2024-07-20,17923.15,8649.77,19708.27,1,3
2024-07-20,19498.12,12210.37,20588.27,1,4
2024-07-20,12128.06,7027.71,10560.48,2,1
2024-07-20,21376.87,13597.74,20469.81,2,2
2024-07-20,5325.29,3130.44,5186.1,2,3
2024-07-20,11397.9,7406.04,11706.77,2,4
2024-07-20,24391.97,13851.47,25595.57,3,1
2024-07-20,13901.47,8851.23,14550.11,3,2
2024-07-20,10704.37,5634.21,9973.47,3,3
2024-07-20,6970.49,4147.38,6788.9,3,4
2024-07-20,5588.89,3600.6,5468.57,4,1
2024-07-20,17153.64,8710.82,14956.35,4,2
2024-07-20,12318.96,6435.82,11112.28,4,3
2024-07-20,9894.68,5069.9,8678.99,4,4
2024-07-20,27358.1,16124.22,28831.04,5,1
2024-07-20,12497.51,5880.32,11768.33,5,2
2024-07-20,20958.44,10394.88,22209.76,5,3
2024-07-20,4534.98,2072.92,4961.4,5,4
2024-07-21,7195.88,3586.66,8233.52,1,1
2024-07-21,15152.12,7475.73,15703.67,1,2
2024-07-21,24118.75,11123.65,26455.04,1,3
2024-07-21,12052.64,5947.33,12079.82,1,4
2024-07-21,24573.43,13626.87,21170.22,2,1
2024-07-21,15661.8,9293.3,15279.37,2,2
2024-07-21,19683.19,10598.41,20654.65,2,3
2024-07-21,15058.6,9542.03,16776.27,2,4
2024-07-21,15008.95,8522.3,13616.52,3,1
2024-07-21,15832.05,9756.33,13907.95,3,2
2024-07-21,9621.13,5887.41,9226.11,3,3
2024-07-21,17494.87,9725.07,19152.28,3,4
2024-07-21,13814.48,7427.96,14806.6,4,1
2024-07-21,13264.9,7414.61,12725.3,4,2
2024-07-21,15613.23,7203.24,17090.08,4,3
2024-07-21,9107.86,5393.97,10357.8,4,4
2024-07-21,23669.87,11049.56,25974.81,5,1
2024-07-21,13651.37,8670.17,13945.27,5,2
2024-07-21,17163.83,8090.01,16530.13,5,3
2024-07-21,4843.42,2806.44,5046.75,5,4
2024-07-22,21738.51,10781.89,19586.95,1,1
2024-07-22,17058.44,10788.52,19556.33,1,2
2024-07-22,23995.99,14560.09,23663.72,1,3
2024-07-22,17406.23,8774.86,16520.09,1,4
2024-07-22,24011.29,14257.95,23446.7,2,1
2024-07-22,20947.56,13258.1,23253.23,2,2
2024-07-22,5658.79,2720.02,5042.67,2,3
2024-07-22,7434.56,4041.86,8155.66,2,4
2024-07-22,10232.64,6491.69,9763.85,3,1
2024-07-22,17285.3,10385.63,16218.18,3,2
2024-07-22,6018.01,3112.15,6256.68,3,3
2024-07-22,7827.83,4347.42,6710.93,3,4
2024-07-22,6926.47,4065.77,6884.95,4,1
2024-07-22,7258.83,4058.41,7467.12,4,2
2024-07-22,9278.36,5643.79,8612.57,4,3
2024-07-22,7519.59,4588.41,7549.35,4,4
2024-07-22,24088.65,12612.64,26363.03,5,1
2024-07-22,18042.59,11579.87,17374.37,5,2
2024-07-22,11761.04,6450.68,12270.35,5,3
2024-07-22,10357.03,6432.61,11222.0,5,4
2024-07-23,30518.78,17945.63,29130.35,1,1
2024-07-23,21249.63,10566.97,20213.86,1,2
2024-07-23,13069.6,6029.53,14995.57,1,3
2024-07-23,14626.6,6666.79,13732.46,1,4
2024-07-23,7642.71,3684.91,7408.8,2,1
2024-07-23,18576.07,8791.41,19979.28,2,2
2024-07-23,6911.5,4150.42,7822.61,2,3
2024-07-23,14453.46,8919.86,13559.55,2,4
2024-07-23,22570.33,10678.68,21361.13,3,1
2024-07-23,19008.61,8680.67,16847.59,3,2
2024-07-23,15215.53,7884.62,17179.61,3,3
2024-07-23,23052.62,12031.38,22516.84,3,4
2024-07-23,6451.87,3857.1,6926.51,4,1
2024-07-23,3737.05,1774.35,3878.95,4,2
2024-07-23,10419.36,6509.63,10001.22,4,3
2024-07-23,4277.95,2515.5,4577.41,4,4
2024-07-23,25710.03,12626.78,26163.95,5,1
2024-07-23,6488.52,3569.48,6241.99,5,2
2024-07-23,13777.01,6887.22,14965.65,5,3
2024-07-23,14900.2,8524.69,14547.36,5,4
2024-07-24,31585.52,18873.33,31743.07,1,1
2024-07-24,24393.92,11227.64,27930.59,1,2
2024-07-24,20955.48,10639.78,22446.79,1,3
2024-07-24,22489.02,14144.3,20197.15,1,4
2024-07-24,14164.93,8100.78,12803.25,2,1
2024-07-24,14211.52,7065.3,15738.98,2,2
2024-07-24,5527.83,3050.39,5235.79,2,3
2024-07-24,16444.73,7498.13,16241.39,2,4
2024-07-24,18357.02,9293.42,16638.88,3,1
2024-07-24,6863.51,3268.91,6523.26,3,2
2024-07-24,13356.82,8061.48,15324.52,3,3
2024-07-24,14545.81,7820.66,13378.22,3,4
2024-07-24,13972.66,7726.29,12270.24,4,1
2024-07-24,8652.41,4996.48,9211.0,4,2
2024-07-24,11028.5,6789.91,9506.93,4,3
2024-07-24,4328.4,2333.23,3941.91,4,4
2024-07-24,9730.17,4904.13,9583.42,5,1
2024-07-24,20298.28,10645.23,20500.13,5,2
2024-07-24,18110.14,8638.34,18132.13,5,3
2024-07-24,15199.58,9577.61,14031.91,5,4
2024-07-25,22057.61,13203.85,21289.77,1,1
2024-07-25,13616.27,6181.48,13403.63,1,2
2024-07-25,18632.82,8738.63,16801.65,1,3
2024-07-25,23501.36,14689.53,20415.07,1,4
2024-07-25,20193.58,11879.07,20623.51,2,1
2024-07-25,21217.67,13773.83,19813.99,2,2
2024-07-25,16670.45,9001.95,15847.33,2,3
2024-07-25,16038.13,7470.55,16452.43,2,4
2024-07-25,6385.0,3422.1,7075.1,3,1
2024-07-25,12853.47,7374.79,13017.23,3,2
2024-07-25,21019.38,11732.41,19379.07,3,3
2024-07-25,18535.5,9743.93,16481.79,3,4
2024-07-25,10145.69,6531.23,9465.27,4,1
2024-07-25,3759.91,2285.81,3401.68,4,2
2024-07-25,15087.89,8348.84,14063.86,4,3
2024-07-25,4785.86,2214.61,4262.08,4,4
2024-07-25,26738.57,13820.22,29234.35,5,1
2024-07-25,8590.89,4534.33,8141.26,5,2
2024-07-25,19454.97,9692.24,17545.95,5,3
2024-07-25,13245.83,7190.87,12052.06,5,4
2024-07-26,17963.79,10483.37,18514.38,1,1
2024-07-26,26202.64,16134.82,24783.48,1,2
2024-07-26,7835.17,3934.82,8257.93,1,3
2024-07-26,15204.73,8111.84,15920.11,1,4
2024-07-26,15902.83,7716.86,15958.2,2,1
2024-07-26,4820.02,2342.8,4588.95,2,2
2024-07-26,20690.7,10811.85,19134.67,2,3
2024-07-26,8680.97,4236.65,7389.81,2,4
2024-07-26,13374.24,7953.95,12233.68,3,1
2024-07-26,12899.33,6953.46,12167.37,3,2
2024-07-26,19555.43,9818.32,21049.85,3,3
2024-07-26,12879.41,7734.27,12235.29,3,4
2024-07-26,8289.48,4669.17,9062.37,4,1
2024-07-26,12473.45,6015.27,12783.05,4,2
2024-07-26,14612.04,7481.3,16044.94,4,3
2024-07-26,4346.49,2642.05,4734.15,4,4
2024-07-26,8445.93,4356.18,8666.91,5,1
2024-07-26,15863.06,7829.11,17868.15,5,2
2024-07-26,20039.01,11296.46,20523.61,5,3
2024-07-26,12305.94,6502.9,12684.7,5,4
2024-07-27,6691.72,3181.02,7264.63,1,1
2024-07-27,26998.54,14078.45,29707.54,1,2
2024-07-27,10179.23,5462.33,10799.51,1,3
2024-07-27,18212.96,11272.82,18446.46,1,4
2024-07-27,7390.82,3368.46,7096.22,2,1
2024-07-27,16137.17,9335.65,14352.75,2,2
2024-07-27,8861.57,4967.31,9203.88,2,3
2024-07-27,18475.85,10828.57,20347.71,2,4
2024-07-27,19790.02,12426.88,19631.71,3,1
2024-07-27,9359.64,4554.5,8055.61,3,2
2024-07-27,15898.85,7767.93,17688.96,3,3
2024-07-27,9129.98,5460.47,8863.74,3,4
2024-07-27,9532.52,4940.57,8281.61,4,1
2024-07-27,5450.72,2901.45,5722.14,4,2
2024-07-27,15194.92,9594.5,13005.39,4,3
2024-07-27,14464.64,9111.36,13726.62,4,4
2024-07-27,26053.91,13064.94,26834.68,5,1
2024-07-27,7081.68,4555.87,6442.22,5,2
2024-07-27,5030.66,3175.71,5184.06,5,3
2024-07-27,6270.21,3298.51,7011.24,5,4
2024-07-28,17247.08,10253.62,15086.92,1,1
2024-07-28,23586.21,14555.9,24012.54,1,2
2024-07-28,16444.29,7443.14,15509.98,1,3
2024-07-28,19529.27,9274.76,21523.39,1,4
2024-07-28,24545.51,15760.14,26491.5,2,1
2024-07-28,16988.36,9998.44,18860.9,2,2
2024-07-28,18708.28,9982.25,16447.2,2,3
2024-07-28,19071.3,9337.03,19387.79,2,4
2024-07-28,25884.21,16267.28,22710.29,3,1
2024-07-28,7836.66,3567.95,7988.25,3,2
2024-07-28,11824.21,6892.18,13406.62,3,3
2024-07-28,22308.24,11617.92,21387.26,3,4
2024-07-28,11253.58,6901.76,10943.58,4,1
2024-07-28,5234.24,2972.83,5129.25,4,2
2024-07-28,10816.78,4984.18,10033.44,4,3
2024-07-28,12034.07,6402.45,12536.04,4,4
2024-07-28,23375.65,13413.49,22963.73,5,1
2024-07-28,11482.11,6452.23,10129.65,5,2
2024-07-28,23074.54,14203.37,20024.39,5,3
2024-07-28,18062.07,8575.8,20593.3,5,4
2024-07-29,18563.37,10017.96,19275.35,1,1
2024-07-29,26828.43,14174.42,23083.93,1,2
2024-07-29,7916.7,4810.97,7418.17,1,3
2024-07-29,17342.15,9907.16,19702.21,1,4
2024-07-29,17542.57,8251.25,18781.17,2,1
2024-07-29,7767.25,4586.87,8450.13,2,2
2024-07-29,11739.35,6176.64,13483.5,2,3
2024-07-29,7269.23,4456.75,7165.1,2,4
2024-07-29,11349.34,6182.82,11754.83,3,1
2024-07-29,25794.37,14361.37,25392.85,3,2
2024-07-29,24456.17,15075.73,23724.17,3,3
2024-07-29,10734.32,6549.1,12102.1,3,4
2024-07-29,15446.83,8772.7,14494.18,4,1
2024-07-29,9270.31,4308.41,8690.25,4,2
2024-07-29,11779.01,5681.54,12842.28,4,3
2024-07-29,3808.74,2303.89,4177.22,4,4
2024-07-29,15885.41,10290.13,14876.84,5,1
2024-07-29,19400.46,10964.49,19438.14,5,2
2024-07-29,8528.09,5449.5,8379.9,5,3
2024-07-29,20210.57,11582.69,20492.55,5,4
2024-07-30,9421.74,6013.76,10146.19,1,1
2024-07-30,20074.07,12142.57,19496.81,1,2
2024-07-30,26309.3,15103.97,24736.67,1,3
2024-07-30,16234.0,7312.22,16122.94,1,4
2024-07-30,21825.77,11706.37,24720.32,2,1
2024-07-30,5378.43,3419.5,5780.12,2,2
2024-07-30,10715.5,5688.16,11765.73,2,3
2024-07-30,7810.99,4811.01,8337.64,2,4
2024-07-30,8882.49,5337.82,9723.83,3,1
2024-07-30,10562.8,6287.25,12095.31,3,2
2024-07-30,11864.95,6763.02,12287.25,3,3
2024-07-30,16087.77,8859.16,15827.36,3,4
2024-07-30,11994.43,6032.25,11490.05,4,1
2024-07-30,7234.21,3478.88,7198.74,4,2
2024-07-30,8199.19,4998.03,7634.13,4,3
2024-07-30,5320.22,2939.93,4951.2,4,4
2024-07-30,14186.45,9038.3,12573.92,5,1
2024-07-30,23263.96,12259.34,24374.83,5,2
2024-07-30,18472.91,9288.05,19852.45,5,3
2024-07-30,6737.52,4014.89,5838.89,5,4
2024-07-31,9866.58,5612.75,9472.56,1,1
2024-07-31,10750.22,6724.47,11295.71,1,2
2024-07-31,7650.07,4910.69,6634.73,1,3
2024-07-31,23133.19,14846.47,21991.98,1,4
2024-07-31,21668.37,11811.52,22089.31,2,1
2024-07-31,6785.81,3920.59,6481.11,2,2
2024-07-31,5742.19,2993.67,5598.11,2,3
2024-07-31,16656.97,7807.9,16573.19,2,4
2024-07-31,8208.91,5300.64,9323.35,3,1
2024-07-31,21052.83,12764.77,20242.33,3,2
2024-07-31,14091.66,8675.68,15952.14,3,3
2024-07-31,12621.86,6277.92,12465.56,3,4
2024-07-31,14086.74,7491.46,15782.04,4,1
2024-07-31,7729.63,4648.67,6591.28,4,2
2024-07-31,12569.04,6112.6,13722.99,4,3
2024-07-31,9019.54,5524.05,10053.65,4,4
2024-07-31,21547.94,11077.15,19189.54,5,1
2024-07-31,22128.67,14064.57,21933.63,5,2
2024-07-31,20095.31,11589.22,18392.15,5,3
2024-07-31,16910.23,10066.4,17315.75,5,4
2024-08-01,13399.24,8452.82,12936.91,1,1
2024-08-01,11322.56,6151.68,11786.31,1,2
2024-08-01,20341.92,10215.65,19397.27,1,3
2024-08-01,23366.72,11276.47,24686.69,1,4
2024-08-01,20482.54,12991.64,19018.1,2,1
2024-08-01,10403.61,6494.95,10705.23,2,2
2024-08-01,18142.33,9290.53,20737.91,2,3
2024-08-01,8205.97,4693.31,7593.02,2,4
2024-08-01,12640.29,6797.83,13178.78,3,1
2024-08-01,9279.99,5090.17,7939.6,3,2
2024-08-01,24187.56,11005.56,24369.46,3,3
2024-08-01,6246.23,4032.2,6581.25,3,4
2024-08-01,7729.82,3933.29,6702.35,4,1
2024-08-01,8576.25,4226.28,7944.6,4,2
2024-08-01,10377.29,6707.95,10241.29,4,3
2024-08-01,6394.03,3043.21,6894.98,4,4
2024-08-01,7277.85,3410.63,6399.46,5,1
2024-08-01,21079.17,13418.09,24017.63,5,2
2024-08-01,19860.13,9605.25,19941.79,5,3
2024-08-01,8090.07,4623.24,7981.41,5,4
2024-08-02,31219.86,19867.55,35764.53,1,1
2024-08-02,27461.27,13661.28,31561.49,1,2
2024-08-02,27638.59,16837.74,26790.4,1,3
2024-08-02,18991.59,9742.49,21674.71,1,4
2024-08-02,14072.76,6968.99,15764.07,2,1
2024-08-02,15632.67,8033.57,14843.79,2,2
2024-08-02,12576.78,8130.3,13730.23,2,3
2024-08-02,7160.35,3636.66,8087.96,2,4
2024-08-02,25895.07,11716.31,29329.58,3,1
2024-08-02,13064.45,6740.34,14697.34,3,2
2024-08-02,8901.26,4973.69,7931.91,3,3
2024-08-02,16295.42,9327.71,17449.38,3,4
2024-08-02,12838.37,5910.67,14115.63,4,1
2024-08-02,12732.42,8099.28,13195.05,4,2
2024-08-02,15409.35,7540.13,13502.87,4,3
2024-08-02,6524.56,3152.86,7458.34,4,4
2024-08-02,9408.49,4381.43,10265.79,5,1
2024-08-02,6020.88,3743.27,5494.86,5,2
2024-08-02,18561.25,8568.91,16285.33,5,3
2024-08-02,10230.94,6282.84,11209.55,5,4
2024-08-03,7471.8,4234.63,8252.84,1,1
2024-08-03,12930.03,6557.29,12842.25,1,2
2024-08-03,23243.08,14487.76,24257.35,1,3
2024-08-03,17200.13,9996.35,19535.61,1,4
2024-08-03,24390.28,12756.03,22213.48,2,1
2024-08-03,21956.88,11487.07,24391.53,2,2
2024-08-03,6595.84,3012.4,6110.7,2,3
2024-08-03,14038.87,8056.05,12253.21,2,4
2024-08-03,25284.06,11540.0,22701.26,3,1
2024-08-03,22165.66,11965.07,21359.2,3,2
2024-08-03,19422.14,9988.73,21447.97,3,3
2024-08-03,18524.87,10662.55,18921.95,3,4
2024-08-03,4822.22,2329.58,5318.67,4,1
2024-08-03,8241.98,3980.57,7065.63,4,2
2024-08-03,6573.64,3094.69,6939.78,4,3
2024-08-03,3575.44,1969.0,4007.34,4,4
2024-08-03,24921.41,11252.15,24188.01,5,1
2024-08-03,17934.79,9805.39,18325.52,5,2
2024-08-03,10708.4,4827.74,10605.35,5,3
2024-08-03,6560.82,3296.87,7464.26,5,4
2024-08-04,20710.72,11727.88,18875.35,1,1
2024-08-04,26347.8,14142.75,29802.66,1,2
2024-08-04,25795.7,15959.01,29103.09,1,3
2024-08-04,10780.84,5657.87,10252.55,1,4
2024-08-04,23662.69,15340.63,21361.75,2,1
2024-08-04,14227.57,6701.74,12220.24,2,2
2024-08-04,7730.78,5017.36,7240.03,2,3
2024-08-04,9824.4,5572.1,8637.8,2,4
2024-08-04,29877.13,15664.28,33948.74,3,1
2024-08-04,24599.23,12854.07,23491.74,3,2
2024-08-04,6377.63,3028.33,6962.64,3,3
2024-08-04,20673.85,9531.63,17822.77,3,4
2024-08-04,4817.03,2477.53,4886.27,4,1
2024-08-04,16328.56,8910.35,18324.75,4,2
2024-08-04,13445.29,8698.48,13558.82,4,3
2024-08-04,6413.98,3418.26,5817.44,4,4
2024-08-04,21782.43,12091.5,21414.66,5,1
2024-08-04,21135.88,10383.95,23373.67,5,2
2024-08-04,19457.89,10324.97,21433.39,5,3
2024-08-04,15968.39,8969.7,14589.78,5,4
2024-08-05,16812.42,7870.59,18838.23,1,1
2024-08-05,9697.18,4468.25,8957.11,1,2
2024-08-05,15889.38,7577.42,15606.28,1,3
2024-08-05,23895.33,13832.23,24765.4,1,4
2024-08-05,8775.33,4598.55,7707.64,2,1
2024-08-05,18078.9,10447.57,16436.59,2,2
2024-08-05,10086.07,5391.83,9037.52,2,3
2024-08-05,11602.26,7119.36,11165.18,2,4
2024-08-05,23638.07,13586.24,24176.12,3,1
2024-08-05,11983.77,6708.89,13699.45,3,2
2024-08-05,7308.15,3461.95,7672.12,3,3
2024-08-05,10851.29,6486.06,9581.68,3,4
2024-08-05,17315.8,8409.37,19320.81,4,1
2024-08-05,14137.11,6913.41,12038.56,4,2
2024-08-05,14128.71,8696.32,16114.25,4,3
2024-08-05,12821.62,6347.72,14494.22,4,4
2024-08-05,7458.67,4640.04,7024.7,5,1
2024-08-05,7447.09,3523.07,7709.59,5,2
2024-08-05,20178.31,11832.69,18335.65,5,3
2024-08-05,14029.45,8833.57,12634.75,5,4
2024-08-06,20854.24,11402.19,21049.41,1,1
2024-08-06,22917.36,13045.75,23328.19,1,2
2024-08-06,9132.33,4884.55,8155.83,1,3
2024-08-06,21544.82,13440.8,19384.12,1,4
2024-08-06,8243.26,4529.47,8842.32,2,1
2024-08-06,20039.1,12994.01,17774.23,2,2
2024-08-06,8810.05,4784.93,9370.94,2,3
2024-08-06,4306.42,2177.85,4351.03,2,4
2024-08-06,24477.2,12917.64,22415.46,3,1
2024-08-06,10087.42,4923.46,9713.17,3,2
2024-08-06,25413.47,12372.74,24736.93,3,3
2024-08-06,22145.05,11761.38,25198.96,3,4
2024-08-06,15602.5,9609.42,17125.85,4,1
2024-08-06,16661.39,9880.0,17151.29,4,2
2024-08-06,13304.62,6049.55,11697.32,4,3
2024-08-06,14539.43,9077.24,13525.71,4,4
2024-08-06,19757.84,12138.04,22257.05,5,1
2024-08-06,18551.36,10661.06,20277.12,5,2
2024-08-06,22884.62,12618.85,21493.34,5,3
2024-08-06,11776.81,6198.12,12498.15,5,4
2024-08-07,26458.85,14053.12,23309.95,1,1
2024-08-07,26808.36,16284.91,25210.05,1,2
2024-08-07,20841.11,11498.63,20830.66,1,3
2024-08-07,22780.59,11900.71,23674.44,1,4
2024-08-07,21414.68,9862.01,18414.66,2,1
2024-08-07,8714.97,4063.43,9110.65,2,2
2024-08-07,15639.76,8709.49,14752.66,2,3
2024-08-07,9726.88,5152.77,8314.44,2,4
2024-08-07,13511.7,8038.52,12508.64,3,1
2024-08-07,23090.37,10880.88,20138.58,3,2
2024-08-07,22989.23,14417.53,20030.61,3,3
2024-08-07,20015.23,11294.82,20726.29,3,4
2024-08-07,9219.43,4810.17,7841.17,4,1
2024-08-07,12598.84,7951.56,11100.25,4,2
2024-08-07,15455.76,8110.65,13640.13,4,3
2024-08-07,10107.72,5901.55,9007.98,4,4
2024-08-07,11843.93,6910.6,13180.83,5,1
2024-08-07,22273.16,11359.41,21444.54,5,2
2024-08-07,11329.35,6165.54,11971.23,5,3
2024-08-07,19605.63,9572.09,17298.63,5,4
2024-08-08,25358.56,12661.03,22711.62,1,1
2024-08-08,6362.91,3398.77,7018.86,1,2
2024-08-08,23607.64,10920.98,20071.61,1,3
2024-08-08,22328.47,10614.98,23496.14,1,4
2024-08-08,6020.22,3270.94,5565.73,2,1
2024-08-08,20567.59,13365.99,22423.58,2,2
2024-08-08,8141.21,4640.12,8844.13,2,3
2024-08-08,7608.75,3928.98,6491.36,2,4
2024-08-08,25317.29,14468.08,27033.66,3,1
2024-08-08,18824.38,8947.59,16943.32,3,2
2024-08-08,17724.72,8826.45,16994.42,3,3
2024-08-08,22704.66,14615.07,23328.88,3,4
2024-08-08,15140.97,7116.08,15402.3,4,1
2024-08-08,7924.13,5069.73,7235.47,4,2
2024-08-08,9940.82,4899.32,9359.14,4,3
2024-08-08,3343.15,1713.43,2886.42,4,4
2024-08-08,22865.07,10847.52,25178.18,5,1
2024-08-08,18094.61,10196.5,15549.27,5,2
2024-08-08,8835.17,5627.27,9620.45,5,3
2024-08-08,4489.81,2914.14,4046.0,5,4
2024-08-09,24965.87,16063.37,24342.51,1,1
2024-08-09,16578.38,9724.08,15382.17,1,2
2024-08-09,19311.14,10943.69,18022.24,1,3
2024-08-09,16403.17,10373.16,15236.5,1,4
2024-08-09,15377.56,8163.57,14850.41,2,1
2024-08-09,15686.36,8686.65,15596.59,2,2
2024-08-09,13443.2,7571.89,12919.73,2,3
2024-08-09,13019.49,8414.9,13843.73,2,4
2024-08-09,26687.89,14705.4,24544.65,3,1
2024-08-09,13324.17,8607.14,12650.32,3,2
2024-08-09,25121.6,12484.26,28268.67,3,3
2024-08-09,13700.92,8793.2,15134.92,3,4
2024-08-09,4063.66,2517.74,4583.73,4,1
2024-08-09,15693.14,10055.96,17447.01,4,2
2024-08-09,10848.85,6055.3,11265.99,4,3
2024-08-09,14709.24,7740.17,15698.23,4,4
2024-08-09,15854.29,9586.18,16618.2,5,1
2024-08-09,23949.55,14700.02,20901.35,5,2
2024-08-09,10338.04,6537.85,9933.44,5,3
2024-08-09,5793.57,3432.12,5777.18,5,4
2024-08-10,18757.43,9556.73,19187.86,1,1
2024-08-10,12928.25,6052.92,14514.91,1,2
2024-08-10,12725.32,7260.22,13218.34,1,3
2024-08-10,22218.16,13994.91,21462.75,1,4
2024-08-10,7789.77,3542.69,7768.17,2,1
2024-08-10,11271.46,6893.54,10556.73,2,2
2024-08-10,4818.79,2455.35,5132.55,2,3
2024-08-10,7377.93,3974.47,8215.28,2,4
2024-08-10,23670.33,11442.38,20384.64,3,1
2024-08-10,13062.37,6259.42,14459.19,3,2
2024-08-10,16597.48,10669.27,17105.52,3,3
2024-08-10,10105.34,4587.35,9377.25,3,4
2024-08-10,13678.2,8705.86,13917.54,4,1
2024-08-10,15376.05,8130.3,16283.25,4,2
2024-08-10,3630.89,2170.86,3239.9,4,3
2024-08-10,11102.54,6135.6,10883.0,4,4
2024-08-10,6094.17,3553.08,5484.8,5,1
2024-08-10,8825.9,4711.04,7848.86,5,2
2024-08-10,10401.02,6659.99,8999.55,5,3
2024-08-10,14303.34,9253.62,14440.0,5,4
2024-08-11,13764.79,7866.41,14825.97,1,1
2024-08-11,21611.09,10912.39,20402.71,1,2
2024-08-11,8573.5,3944.77,9330.21,1,3
2024-08-11,20933.29,13378.18,22986.22,1,4
2024-08-11,12337.85,6677.2,14029.74,2,1
2024-08-11,12249.12,5797.26,13685.46,2,2
2024-08-11,19955.28,12846.73,19774.64,2,3
2024-08-11,7200.77,3980.33,6662.64,2,4
2024-08-11,10596.3,5546.54,10715.01,3,1
2024-08-11,22805.59,14735.56,24200.65,3,2
2024-08-11,15181.75,9511.9,16494.14,3,3
2024-08-11,5237.41,2695.81,4904.87,3,4
2024-08-11,10527.95,6607.65,11693.39,4,1
2024-08-11,16725.33,8162.25,17911.16,4,2
2024-08-11,5124.59,3202.36,4705.08,4,3
2024-08-11,13504.73,7244.16,13458.87,4,4
2024-08-11,25899.74,13805.74,29678.44,5,1
2024-08-11,8362.15,4916.56,7744.26,5,2
2024-08-11,9388.08,5275.29,8934.81,5,3
2024-08-11,18510.28,9754.31,20453.16,5,4
2024-08-12,15517.62,10065.05,17675.63,1,1
2024-08-12,22942.85,13803.71,23423.15,1,2
2024-08-12,15373.68,7620.55,13416.62,1,3
2024-08-12,24163.78,12617.48,27063.07,1,4
2024-08-12,9687.15,5858.82,8462.34,2,1
2024-08-12,17765.41,11294.57,15398.71,2,2
2024-08-12,7297.11,4158.51,6929.75,2,3
2024-08-12,9574.46,5095.6,10093.62,2,4
2024-08-12,21503.32,12288.82,21872.58,3,1
2024-08-12,10402.77,4711.76,11309.95,3,2
2024-08-12,23353.19,14210.49,21896.56,3,3
2024-08-12,11908.44,7494.39,12808.17,3,4
2024-08-12,11368.91,6209.45,12236.25,4,1
2024-08-12,13167.7,6540.36,14035.89,4,2
2024-08-12,9243.38,4401.83,8592.1,4,3
2024-08-12,11201.86,5322.09,10463.17,4,4
2024-08-12,5979.27,3054.51,6174.92,5,1
2024-08-12,10425.41,5090.4,11258.54,5,2
2024-08-12,5601.51,2709.53,5561.82,5,3
2024-08-12,4796.05,2435.51,5270.08,5,4
2024-08-13,29205.87,17283.24,30320.72,1,1
2024-08-13,11976.15,6744.95,10629.37,1,2
2024-08-13,20794.49,10322.46,23570.67,1,3
2024-08-13,11499.59,7075.8,10568.51,1,4
2024-08-13,8060.69,4534.48,8138.94,2,1
2024-08-13,5725.66,3002.34,6234.67,2,2
2024-08-13,12100.53,7840.93,12755.94,2,3
2024-08-13,7323.12,3403.5,7601.16,2,4
2024-08-13,28103.09,15486.95,30663.0,3,1
2024-08-13,11675.11,6511.63,12584.23,3,2
2024-08-13,6588.58,3229.87,7228.09,3,3
2024-08-13,21518.16,13225.49,22695.11,3,4
2024-08-13,5255.9,3378.23,5310.83,4,1
2024-08-13,11141.23,6020.19,11540.81,4,2
2024-08-13,12041.88,7324.64,12607.66,4,3
2024-08-13,14681.13,8996.66,14863.42,4,4
2024-08-13,15496.62,9684.92,15579.55,5,1
2024-08-13,6212.01,3273.34,6746.63,5,2
2024-08-13,9306.07,4270.34,9216.62,5,3
2024-08-13,7949.92,3862.64,7983.28,5,4
2024-08-14,7023.13,4563.3,6438.35,1,1
2024-08-14,27580.81,14248.27,28135.67,1,2
2024-08-14,23072.36,14194.87,19951.81,1,3
2024-08-14,5975.99,2698.61,6807.82,1,4
2024-08-14,20932.34,11048.87,22105.45,2,1
2024-08-14,10738.14,6904.11,10183.72,2,2
2024-08-14,19517.94,9480.71,20641.29,2,3
2024-08-14,5128.58,2522.01,5846.91,2,4
2024-08-14,11660.57,6678.1,10972.81,3,1
2024-08-14,26459.47,13884.77,26462.87,3,2
2024-08-14,14804.08,7601.77,16957.1,3,3
2024-08-14,4772.14,2614.57,5116.11,3,4
2024-08-14,7473.79,3728.69,7738.74,4,1
2024-08-14,10204.69,5206.58,11381.52,4,2
2024-08-14,7014.97,4520.87,6875.69,4,3
2024-08-14,6505.88,3759.8,6226.57,4,4
2024-08-14,27301.09,16491.92,25693.23,5,1
2024-08-14,16046.1,9517.09,15956.4,5,2
2024-08-14,23411.81,11885.41,25456.02,5,3
2024-08-14,15911.89,9585.14,15048.63,5,4
2024-08-15,28393.84,13211.15,24427.18,1,1
2024-08-15,15038.87,8666.02,16308.95,1,2
2024-08-15,13085.17,8125.92,11435.51,1,3
2024-08-15,19942.27,12917.1,20043.01,1,4
2024-08-15,12684.35,7017.7,12878.74,2,1
2024-08-15,16565.77,7809.19,18986.53,2,2
2024-08-15,4685.54,2810.01,4125.17,2,3
2024-08-15,6153.05,3169.42,5620.49,2,4
2024-08-15,15522.13,7355.34,15847.87,3,1
2024-08-15,19650.62,11446.32,18439.87,3,2
2024-08-15,22448.32,12996.17,19319.15,3,3
2024-08-15,8044.7,4108.57,8165.7,3,4
2024-08-15,19026.58,10428.44,19691.17,4,1
2024-08-15,4036.84,1844.05,3746.66,4,2
2024-08-15,10390.55,5095.51,10730.33,4,3
2024-08-15,3496.88,2005.54,3826.49,4,4
2024-08-15,23849.13,13644.99,26491.56,5,1
2024-08-15,5941.22,3777.99,5789.49,5,2
2024-08-15,10371.11,5269.54,10141.04,5,3
2024-08-15,9300.35,5371.73,9333.4,5,4
2024-08-16,25187.2,14688.91,22176.57,1,1
2024-08-16,26399.41,12866.21,23944.95,1,2
2024-08-16,7774.33,4929.71,8490.01,1,3
2024-08-16,23077.45,11086.85,20545.26,1,4
2024-08-16,17504.56,10448.55,17476.48,2,1
2024-08-16,21345.84,11184.16,18743.49,2,2
2024-08-16,9831.54,6320.79,9980.73,2,3
2024-08-16,12437.64,7352.17,11301.58,2,4
2024-08-16,14525.6,7786.77,13400.11,3,1
2024-08-16,15250.54,7043.07,13632.56,3,2
2024-08-16,20163.01,11263.05,22009.27,3,3
2024-08-16,22001.53,12417.25,23972.43,3,4
2024-08-16,10723.2,5498.79,11742.49,4,1
2024-08-16,11146.6,6335.99,11931.96,4,2
2024-08-16,4183.1,2066.24,4102.56,4,3
2024-08-16,7114.31,4399.16,7723.66,4,4
2024-08-16,19204.73,8829.23,21220.35,5,1
2024-08-16,20076.92,11940.87,21916.19,5,2
2024-08-16,13682.68,7891.13,15343.73,5,3
2024-08-16,5771.63,2878.37,6170.47,5,4
2024-08-17,25331.84,13404.42,23266.24,1,1
2024-08-17,20108.28,10477.48,19306.08,1,2
2024-08-17,17141.3,7775.59,16349.78,1,3
2024-08-17,21524.45,13041.35,19107.06,1,4
2024-08-17,14058.51,8124.6,12200.59,2,1
2024-08-17,16037.56,7421.83,14043.17,2,2
2024-08-17,17802.14,9332.82,15940.23,2,3
2024-08-17,6135.63,3521.89,6837.44,2,4
2024-08-17,17460.47,11090.37,19922.67,3,1
2024-08-17,8690.79,4265.16,8904.53,3,2
2024-08-17,15610.57,7093.07,14538.42,3,3
2024-08-17,17317.13,10681.0,16541.72,3,4
2024-08-17,17349.74,10826.68,15076.36,4,1
2024-08-17,12596.63,5856.47,12121.9,4,2
2024-08-17,8887.56,5331.59,9953.96,4,3
2024-08-17,10393.6,5838.61,10845.44,4,4
2024-08-17,21769.27,13431.85,21548.44,5,1
2024-08-17,7053.68,3698.71,6627.69,5,2
2024-08-17,22152.84,13136.11,24255.66,5,3
2024-08-17,4393.32,2736.74,5028.13,5,4
2024-08-18,10106.27,4866.24,8889.74,1,1
2024-08-18,24591.0,11323.91,21029.17,1,2
2024-08-18,25893.81,13465.71,25526.92,1,3
2024-08-18,13922.36,6498.73,13268.69,1,4
2024-08-18,23338.82,12900.56,22167.34,2,1
2024-08-18,19197.02,10103.24,20150.95,2,2
2024-08-18,19662.59,11337.83,20961.45,2,3
2024-08-18,12724.96,8002.64,12803.24,2,4
2024-08-18,22208.33,13539.37,24835.15,3,1
2024-08-18,21982.56,10573.08,19013.24,3,2
2024-08-18,16730.24,8731.57,18353.56,3,3
2024-08-18,6055.16,3422.38,6366.82,3,4
2024-08-18,3867.22,2236.04,4207.6,4,1
2024-08-18,7861.92,4965.9,8654.98,4,2
2024-08-18,6402.02,3062.15,5848.53,4,3
2024-08-18,7401.39,4112.59,7773.48,4,4
2024-08-18,25375.91,15428.32,27212.05,5,1
2024-08-18,19599.56,12191.24,22353.1,5,2
2024-08-18,15734.46,9316.72,17724.81,5,3
2024-08-18,10796.2,6574.33,10083.23,5,4
